[
  {
    "url": "https://api.github.com/gists/de1d1ec9661017c845a9d6e9818d3720",
    "forks_url": "https://api.github.com/gists/de1d1ec9661017c845a9d6e9818d3720/forks",
    "commits_url": "https://api.github.com/gists/de1d1ec9661017c845a9d6e9818d3720/commits",
    "id": "de1d1ec9661017c845a9d6e9818d3720",
    "node_id": "MDQ6R2lzdGRlMWQxZWM5NjYxMDE3Yzg0NWE5ZDZlOTgxOGQzNzIw",
    "git_pull_url": "https://gist.github.com/de1d1ec9661017c845a9d6e9818d3720.git",
    "git_push_url": "https://gist.github.com/de1d1ec9661017c845a9d6e9818d3720.git",
    "html_url": "https://gist.github.com/de1d1ec9661017c845a9d6e9818d3720",
    "files": {
      "elementaryos.md": {
        "filename": "elementaryos.md",
        "type": "text/markdown",
        "language": "Markdown",
        "raw_url": "https://gist.githubusercontent.com/phloox/de1d1ec9661017c845a9d6e9818d3720/raw/d6a41e62300a351f2e183bd03d60a4db5024dfc2/elementaryos.md",
        "size": 5493
      }
    },
    "public": true,
    "created_at": "2020-07-06T05:42:21Z",
    "updated_at": "2020-07-06T05:42:21Z",
    "description": "elementaryOS | Things To Do After Installing elementary OS Hera(5.1)",
    "comments": 0,
    "user": null,
    "comments_url": "https://api.github.com/gists/de1d1ec9661017c845a9d6e9818d3720/comments",
    "owner": {
      "login": "phloox",
      "id": 57095596,
      "node_id": "MDQ6VXNlcjU3MDk1NTk2",
      "avatar_url": "https://avatars3.githubusercontent.com/u/57095596?v=4",
      "gravatar_id": "",
      "url": "https://api.github.com/users/phloox",
      "html_url": "https://github.com/phloox",
      "followers_url": "https://api.github.com/users/phloox/followers",
      "following_url": "https://api.github.com/users/phloox/following{/other_user}",
      "gists_url": "https://api.github.com/users/phloox/gists{/gist_id}",
      "starred_url": "https://api.github.com/users/phloox/starred{/owner}{/repo}",
      "subscriptions_url": "https://api.github.com/users/phloox/subscriptions",
      "organizations_url": "https://api.github.com/users/phloox/orgs",
      "repos_url": "https://api.github.com/users/phloox/repos",
      "events_url": "https://api.github.com/users/phloox/events{/privacy}",
      "received_events_url": "https://api.github.com/users/phloox/received_events",
      "type": "User",
      "site_admin": false
    },
    "truncated": false
  },
  {
    "url": "https://api.github.com/gists/2e1109e6368a9ab1290ee64474d62569",
    "forks_url": "https://api.github.com/gists/2e1109e6368a9ab1290ee64474d62569/forks",
    "commits_url": "https://api.github.com/gists/2e1109e6368a9ab1290ee64474d62569/commits",
    "id": "2e1109e6368a9ab1290ee64474d62569",
    "node_id": "MDQ6R2lzdDJlMTEwOWU2MzY4YTlhYjEyOTBlZTY0NDc0ZDYyNTY5",
    "git_pull_url": "https://gist.github.com/2e1109e6368a9ab1290ee64474d62569.git",
    "git_push_url": "https://gist.github.com/2e1109e6368a9ab1290ee64474d62569.git",
    "html_url": "https://gist.github.com/2e1109e6368a9ab1290ee64474d62569",
    "files": {
      "babel-webpack.md": {
        "filename": "babel-webpack.md",
        "type": "text/markdown",
        "language": "Markdown",
        "raw_url": "https://gist.githubusercontent.com/dezren39/2e1109e6368a9ab1290ee64474d62569/raw/f1ce78ac11f3945b72a9e9f148c840e3461e7e6c/babel-webpack.md",
        "size": 6539
      }
    },
    "public": true,
    "created_at": "2020-07-06T05:42:16Z",
    "updated_at": "2020-07-06T05:42:16Z",
    "description": "The correct way to compile ES6 using babel...",
    "comments": 0,
    "user": null,
    "comments_url": "https://api.github.com/gists/2e1109e6368a9ab1290ee64474d62569/comments",
    "owner": {
      "login": "dezren39",
      "id": 11225574,
      "node_id": "MDQ6VXNlcjExMjI1NTc0",
      "avatar_url": "https://avatars3.githubusercontent.com/u/11225574?v=4",
      "gravatar_id": "",
      "url": "https://api.github.com/users/dezren39",
      "html_url": "https://github.com/dezren39",
      "followers_url": "https://api.github.com/users/dezren39/followers",
      "following_url": "https://api.github.com/users/dezren39/following{/other_user}",
      "gists_url": "https://api.github.com/users/dezren39/gists{/gist_id}",
      "starred_url": "https://api.github.com/users/dezren39/starred{/owner}{/repo}",
      "subscriptions_url": "https://api.github.com/users/dezren39/subscriptions",
      "organizations_url": "https://api.github.com/users/dezren39/orgs",
      "repos_url": "https://api.github.com/users/dezren39/repos",
      "events_url": "https://api.github.com/users/dezren39/events{/privacy}",
      "received_events_url": "https://api.github.com/users/dezren39/received_events",
      "type": "User",
      "site_admin": false
    },
    "truncated": false
  },
  {
    "url": "https://api.github.com/gists/906c68466eb332630e48944a5a12689b",
    "forks_url": "https://api.github.com/gists/906c68466eb332630e48944a5a12689b/forks",
    "commits_url": "https://api.github.com/gists/906c68466eb332630e48944a5a12689b/commits",
    "id": "906c68466eb332630e48944a5a12689b",
    "node_id": "MDQ6R2lzdDkwNmM2ODQ2NmViMzMyNjMwZTQ4OTQ0YTVhMTI2ODli",
    "git_pull_url": "https://gist.github.com/906c68466eb332630e48944a5a12689b.git",
    "git_push_url": "https://gist.github.com/906c68466eb332630e48944a5a12689b.git",
    "html_url": "https://gist.github.com/906c68466eb332630e48944a5a12689b",
    "files": {
      "1-elementary-os-apps.md": {
        "filename": "1-elementary-os-apps.md",
        "type": "text/markdown",
        "language": "Markdown",
        "raw_url": "https://gist.githubusercontent.com/phloox/906c68466eb332630e48944a5a12689b/raw/a07363f25c1cde3cbf6f540d7e0151b43c79d2cd/1-elementary-os-apps.md",
        "size": 6231
      },
      "2-tweaks.md": {
        "filename": "2-tweaks.md",
        "type": "text/markdown",
        "language": "Markdown",
        "raw_url": "https://gist.githubusercontent.com/phloox/906c68466eb332630e48944a5a12689b/raw/54179ca41528b8434f98295c78ba82b3b77d85cf/2-tweaks.md",
        "size": 2130
      },
      "3-remove-apps.sh": {
        "filename": "3-remove-apps.sh",
        "type": "application/x-sh",
        "language": "Shell",
        "raw_url": "https://gist.githubusercontent.com/phloox/906c68466eb332630e48944a5a12689b/raw/c06b6ba44a8bd597bdc4998b2c3b5219abbac068/3-remove-apps.sh",
        "size": 417
      },
      "4.install-bum.md": {
        "filename": "4.install-bum.md",
        "type": "text/markdown",
        "language": "Markdown",
        "raw_url": "https://gist.githubusercontent.com/phloox/906c68466eb332630e48944a5a12689b/raw/f05abfb038558a8af3ef00bb1fb8f73d3a52ad9a/4.install-bum.md",
        "size": 366
      }
    },
    "public": true,
    "created_at": "2020-07-06T05:41:43Z",
    "updated_at": "2020-07-06T05:41:43Z",
    "description": "elementary OS 5.1 Hera",
    "comments": 0,
    "user": null,
    "comments_url": "https://api.github.com/gists/906c68466eb332630e48944a5a12689b/comments",
    "owner": {
      "login": "phloox",
      "id": 57095596,
      "node_id": "MDQ6VXNlcjU3MDk1NTk2",
      "avatar_url": "https://avatars3.githubusercontent.com/u/57095596?v=4",
      "gravatar_id": "",
      "url": "https://api.github.com/users/phloox",
      "html_url": "https://github.com/phloox",
      "followers_url": "https://api.github.com/users/phloox/followers",
      "following_url": "https://api.github.com/users/phloox/following{/other_user}",
      "gists_url": "https://api.github.com/users/phloox/gists{/gist_id}",
      "starred_url": "https://api.github.com/users/phloox/starred{/owner}{/repo}",
      "subscriptions_url": "https://api.github.com/users/phloox/subscriptions",
      "organizations_url": "https://api.github.com/users/phloox/orgs",
      "repos_url": "https://api.github.com/users/phloox/repos",
      "events_url": "https://api.github.com/users/phloox/events{/privacy}",
      "received_events_url": "https://api.github.com/users/phloox/received_events",
      "type": "User",
      "site_admin": false
    },
    "truncated": false
  },
  {
    "url": "https://api.github.com/gists/3327e9352963a55c3cc8360ae25fac03",
    "forks_url": "https://api.github.com/gists/3327e9352963a55c3cc8360ae25fac03/forks",
    "commits_url": "https://api.github.com/gists/3327e9352963a55c3cc8360ae25fac03/commits",
    "id": "3327e9352963a55c3cc8360ae25fac03",
    "node_id": "MDQ6R2lzdDMzMjdlOTM1Mjk2M2E1NWMzY2M4MzYwYWUyNWZhYzAz",
    "git_pull_url": "https://gist.github.com/3327e9352963a55c3cc8360ae25fac03.git",
    "git_push_url": "https://gist.github.com/3327e9352963a55c3cc8360ae25fac03.git",
    "html_url": "https://gist.github.com/3327e9352963a55c3cc8360ae25fac03",
    "files": {
      "piezo diesel injector for perkins 4 cylinder diesel injectors": {
        "filename": "piezo diesel injector for perkins 4 cylinder diesel injectors",
        "type": "text/plain",
        "language": null,
        "raw_url": "https://gist.githubusercontent.com/chinalutongmandy/3327e9352963a55c3cc8360ae25fac03/raw/cc79422e12901c259521e8b62e4be88b40aad2ca/piezo%20diesel%20injector%20for%20perkins%204%20cylinder%20diesel%20injectors",
        "size": 1298
      }
    },
    "public": true,
    "created_at": "2020-07-06T05:41:41Z",
    "updated_at": "2020-07-06T05:41:42Z",
    "description": "piezo diesel injector for perkins 4 cylinder diesel injectors     JUL Mandy whatsapp:+86 15105944581 #perkins 4 cylinder diesel injectors #perkins diesel engine injectors #Perkins Diesel Fuel Injector #perkins diesel fuel injectors #perkins diesel injectors",
    "comments": 0,
    "user": null,
    "comments_url": "https://api.github.com/gists/3327e9352963a55c3cc8360ae25fac03/comments",
    "owner": {
      "login": "chinalutongmandy",
      "id": 67886010,
      "node_id": "MDQ6VXNlcjY3ODg2MDEw",
      "avatar_url": "https://avatars1.githubusercontent.com/u/67886010?v=4",
      "gravatar_id": "",
      "url": "https://api.github.com/users/chinalutongmandy",
      "html_url": "https://github.com/chinalutongmandy",
      "followers_url": "https://api.github.com/users/chinalutongmandy/followers",
      "following_url": "https://api.github.com/users/chinalutongmandy/following{/other_user}",
      "gists_url": "https://api.github.com/users/chinalutongmandy/gists{/gist_id}",
      "starred_url": "https://api.github.com/users/chinalutongmandy/starred{/owner}{/repo}",
      "subscriptions_url": "https://api.github.com/users/chinalutongmandy/subscriptions",
      "organizations_url": "https://api.github.com/users/chinalutongmandy/orgs",
      "repos_url": "https://api.github.com/users/chinalutongmandy/repos",
      "events_url": "https://api.github.com/users/chinalutongmandy/events{/privacy}",
      "received_events_url": "https://api.github.com/users/chinalutongmandy/received_events",
      "type": "User",
      "site_admin": false
    },
    "truncated": false
  },
  {
    "url": "https://api.github.com/gists/38e9d0d6a81483e2bf53718fbba4f7dd",
    "forks_url": "https://api.github.com/gists/38e9d0d6a81483e2bf53718fbba4f7dd/forks",
    "commits_url": "https://api.github.com/gists/38e9d0d6a81483e2bf53718fbba4f7dd/commits",
    "id": "38e9d0d6a81483e2bf53718fbba4f7dd",
    "node_id": "MDQ6R2lzdDM4ZTlkMGQ2YTgxNDgzZTJiZjUzNzE4ZmJiYTRmN2Rk",
    "git_pull_url": "https://gist.github.com/38e9d0d6a81483e2bf53718fbba4f7dd.git",
    "git_push_url": "https://gist.github.com/38e9d0d6a81483e2bf53718fbba4f7dd.git",
    "html_url": "https://gist.github.com/38e9d0d6a81483e2bf53718fbba4f7dd",
    "files": {
      "Regex Email Verification.md": {
        "filename": "Regex Email Verification.md",
        "type": "text/markdown",
        "language": "Markdown",
        "raw_url": "https://gist.githubusercontent.com/Drkeck/38e9d0d6a81483e2bf53718fbba4f7dd/raw/d941208ecfc23ae1d4e7753803b67385c1a754a4/Regex%20Email%20Verification.md",
        "size": 903
      }
    },
    "public": true,
    "created_at": "2020-07-06T05:41:25Z",
    "updated_at": "2020-07-06T05:42:14Z",
    "description": "",
    "comments": 0,
    "user": null,
    "comments_url": "https://api.github.com/gists/38e9d0d6a81483e2bf53718fbba4f7dd/comments",
    "owner": {
      "login": "Drkeck",
      "id": 61635682,
      "node_id": "MDQ6VXNlcjYxNjM1Njgy",
      "avatar_url": "https://avatars1.githubusercontent.com/u/61635682?v=4",
      "gravatar_id": "",
      "url": "https://api.github.com/users/Drkeck",
      "html_url": "https://github.com/Drkeck",
      "followers_url": "https://api.github.com/users/Drkeck/followers",
      "following_url": "https://api.github.com/users/Drkeck/following{/other_user}",
      "gists_url": "https://api.github.com/users/Drkeck/gists{/gist_id}",
      "starred_url": "https://api.github.com/users/Drkeck/starred{/owner}{/repo}",
      "subscriptions_url": "https://api.github.com/users/Drkeck/subscriptions",
      "organizations_url": "https://api.github.com/users/Drkeck/orgs",
      "repos_url": "https://api.github.com/users/Drkeck/repos",
      "events_url": "https://api.github.com/users/Drkeck/events{/privacy}",
      "received_events_url": "https://api.github.com/users/Drkeck/received_events",
      "type": "User",
      "site_admin": false
    },
    "truncated": false
  },
  {
    "url": "https://api.github.com/gists/b57840b7a8fa78d7cf55047435a462d4",
    "forks_url": "https://api.github.com/gists/b57840b7a8fa78d7cf55047435a462d4/forks",
    "commits_url": "https://api.github.com/gists/b57840b7a8fa78d7cf55047435a462d4/commits",
    "id": "b57840b7a8fa78d7cf55047435a462d4",
    "node_id": "MDQ6R2lzdGI1Nzg0MGI3YThmYTc4ZDdjZjU1MDQ3NDM1YTQ2MmQ0",
    "git_pull_url": "https://gist.github.com/b57840b7a8fa78d7cf55047435a462d4.git",
    "git_push_url": "https://gist.github.com/b57840b7a8fa78d7cf55047435a462d4.git",
    "html_url": "https://gist.github.com/b57840b7a8fa78d7cf55047435a462d4",
    "files": {
      "worldlink.py": {
        "filename": "worldlink.py",
        "type": "application/x-python",
        "language": "Python",
        "raw_url": "https://gist.githubusercontent.com/arsenomadridabin/b57840b7a8fa78d7cf55047435a462d4/raw/901ce72554b8eefe4cc78dfdd069991e2e042bf4/worldlink.py",
        "size": 326
      }
    },
    "public": true,
    "created_at": "2020-07-06T05:41:16Z",
    "updated_at": "2020-07-06T05:41:16Z",
    "description": "",
    "comments": 0,
    "user": null,
    "comments_url": "https://api.github.com/gists/b57840b7a8fa78d7cf55047435a462d4/comments",
    "owner": {
      "login": "arsenomadridabin",
      "id": 16323298,
      "node_id": "MDQ6VXNlcjE2MzIzMjk4",
      "avatar_url": "https://avatars2.githubusercontent.com/u/16323298?v=4",
      "gravatar_id": "",
      "url": "https://api.github.com/users/arsenomadridabin",
      "html_url": "https://github.com/arsenomadridabin",
      "followers_url": "https://api.github.com/users/arsenomadridabin/followers",
      "following_url": "https://api.github.com/users/arsenomadridabin/following{/other_user}",
      "gists_url": "https://api.github.com/users/arsenomadridabin/gists{/gist_id}",
      "starred_url": "https://api.github.com/users/arsenomadridabin/starred{/owner}{/repo}",
      "subscriptions_url": "https://api.github.com/users/arsenomadridabin/subscriptions",
      "organizations_url": "https://api.github.com/users/arsenomadridabin/orgs",
      "repos_url": "https://api.github.com/users/arsenomadridabin/repos",
      "events_url": "https://api.github.com/users/arsenomadridabin/events{/privacy}",
      "received_events_url": "https://api.github.com/users/arsenomadridabin/received_events",
      "type": "User",
      "site_admin": false
    },
    "truncated": false
  },
  {
    "url": "https://api.github.com/gists/31e640d4f61229f3e76853bfa4537b05",
    "forks_url": "https://api.github.com/gists/31e640d4f61229f3e76853bfa4537b05/forks",
    "commits_url": "https://api.github.com/gists/31e640d4f61229f3e76853bfa4537b05/commits",
    "id": "31e640d4f61229f3e76853bfa4537b05",
    "node_id": "MDQ6R2lzdDMxZTY0MGQ0ZjYxMjI5ZjNlNzY4NTNiZmE0NTM3YjA1",
    "git_pull_url": "https://gist.github.com/31e640d4f61229f3e76853bfa4537b05.git",
    "git_push_url": "https://gist.github.com/31e640d4f61229f3e76853bfa4537b05.git",
    "html_url": "https://gist.github.com/31e640d4f61229f3e76853bfa4537b05",
    "files": {
      "gistfile1.txt": {
        "filename": "gistfile1.txt",
        "type": "text/plain",
        "language": "Text",
        "raw_url": "https://gist.githubusercontent.com/HouzuoGuo/31e640d4f61229f3e76853bfa4537b05/raw/b1e3d861bb4b0758050dac4fedc8316214714251/gistfile1.txt",
        "size": 599
      }
    },
    "public": true,
    "created_at": "2020-07-06T05:40:38Z",
    "updated_at": "2020-07-06T05:40:52Z",
    "description": "Fix all sorts of timer and sleep issues for Ubuntu 20.04 running in WSL",
    "comments": 0,
    "user": null,
    "comments_url": "https://api.github.com/gists/31e640d4f61229f3e76853bfa4537b05/comments",
    "owner": {
      "login": "HouzuoGuo",
      "id": 563872,
      "node_id": "MDQ6VXNlcjU2Mzg3Mg==",
      "avatar_url": "https://avatars1.githubusercontent.com/u/563872?v=4",
      "gravatar_id": "",
      "url": "https://api.github.com/users/HouzuoGuo",
      "html_url": "https://github.com/HouzuoGuo",
      "followers_url": "https://api.github.com/users/HouzuoGuo/followers",
      "following_url": "https://api.github.com/users/HouzuoGuo/following{/other_user}",
      "gists_url": "https://api.github.com/users/HouzuoGuo/gists{/gist_id}",
      "starred_url": "https://api.github.com/users/HouzuoGuo/starred{/owner}{/repo}",
      "subscriptions_url": "https://api.github.com/users/HouzuoGuo/subscriptions",
      "organizations_url": "https://api.github.com/users/HouzuoGuo/orgs",
      "repos_url": "https://api.github.com/users/HouzuoGuo/repos",
      "events_url": "https://api.github.com/users/HouzuoGuo/events{/privacy}",
      "received_events_url": "https://api.github.com/users/HouzuoGuo/received_events",
      "type": "User",
      "site_admin": false
    },
    "truncated": false
  },
  {
    "url": "https://api.github.com/gists/eb013ce201105bdf902bff7c8091a5a2",
    "forks_url": "https://api.github.com/gists/eb013ce201105bdf902bff7c8091a5a2/forks",
    "commits_url": "https://api.github.com/gists/eb013ce201105bdf902bff7c8091a5a2/commits",
    "id": "eb013ce201105bdf902bff7c8091a5a2",
    "node_id": "MDQ6R2lzdGViMDEzY2UyMDExMDViZGY5MDJiZmY3YzgwOTFhNWEy",
    "git_pull_url": "https://gist.github.com/eb013ce201105bdf902bff7c8091a5a2.git",
    "git_push_url": "https://gist.github.com/eb013ce201105bdf902bff7c8091a5a2.git",
    "html_url": "https://gist.github.com/eb013ce201105bdf902bff7c8091a5a2",
    "files": {
      "FilesSnapshot.xml": {
        "filename": "FilesSnapshot.xml",
        "type": "application/xml",
        "language": "XML",
        "raw_url": "https://gist.githubusercontent.com/choco-bot/eb013ce201105bdf902bff7c8091a5a2/raw/d9c3ef5e5e92829a62629e99ed82ec7779425181/FilesSnapshot.xml",
        "size": 726
      },
      "Install.txt": {
        "filename": "Install.txt",
        "type": "text/plain",
        "language": "Text",
        "raw_url": "https://gist.githubusercontent.com/choco-bot/eb013ce201105bdf902bff7c8091a5a2/raw/0123d48e3673ddb626e1f5b9c42c2343eb5566ad/Install.txt",
        "size": 34157
      },
      "Uninstall.txt": {
        "filename": "Uninstall.txt",
        "type": "text/plain",
        "language": "Text",
        "raw_url": "https://gist.githubusercontent.com/choco-bot/eb013ce201105bdf902bff7c8091a5a2/raw/b647eefb3ae56b775ac912ff713ef167d2df65f4/Uninstall.txt",
        "size": 10542
      },
      "_Summary.md": {
        "filename": "_Summary.md",
        "type": "text/markdown",
        "language": "Markdown",
        "raw_url": "https://gist.githubusercontent.com/choco-bot/eb013ce201105bdf902bff7c8091a5a2/raw/f19ada6d8807e4ca2907c6965858bafbb6e6860d/_Summary.md",
        "size": 727
      }
    },
    "public": true,
    "created_at": "2020-07-06T05:40:17Z",
    "updated_at": "2020-07-06T05:40:17Z",
    "description": "pc-decrapifier v3.0.1.20161106 - Passed - Package Tests Results",
    "comments": 0,
    "user": null,
    "comments_url": "https://api.github.com/gists/eb013ce201105bdf902bff7c8091a5a2/comments",
    "owner": {
      "login": "choco-bot",
      "id": 6270979,
      "node_id": "MDQ6VXNlcjYyNzA5Nzk=",
      "avatar_url": "https://avatars2.githubusercontent.com/u/6270979?v=4",
      "gravatar_id": "",
      "url": "https://api.github.com/users/choco-bot",
      "html_url": "https://github.com/choco-bot",
      "followers_url": "https://api.github.com/users/choco-bot/followers",
      "following_url": "https://api.github.com/users/choco-bot/following{/other_user}",
      "gists_url": "https://api.github.com/users/choco-bot/gists{/gist_id}",
      "starred_url": "https://api.github.com/users/choco-bot/starred{/owner}{/repo}",
      "subscriptions_url": "https://api.github.com/users/choco-bot/subscriptions",
      "organizations_url": "https://api.github.com/users/choco-bot/orgs",
      "repos_url": "https://api.github.com/users/choco-bot/repos",
      "events_url": "https://api.github.com/users/choco-bot/events{/privacy}",
      "received_events_url": "https://api.github.com/users/choco-bot/received_events",
      "type": "User",
      "site_admin": false
    },
    "truncated": false
  },
  {
    "url": "https://api.github.com/gists/ee47b818d75cb5a624174d8fe41ee1e4",
    "forks_url": "https://api.github.com/gists/ee47b818d75cb5a624174d8fe41ee1e4/forks",
    "commits_url": "https://api.github.com/gists/ee47b818d75cb5a624174d8fe41ee1e4/commits",
    "id": "ee47b818d75cb5a624174d8fe41ee1e4",
    "node_id": "MDQ6R2lzdGVlNDdiODE4ZDc1Y2I1YTYyNDE3NGQ4ZmU0MWVlMWU0",
    "git_pull_url": "https://gist.github.com/ee47b818d75cb5a624174d8fe41ee1e4.git",
    "git_push_url": "https://gist.github.com/ee47b818d75cb5a624174d8fe41ee1e4.git",
    "html_url": "https://gist.github.com/ee47b818d75cb5a624174d8fe41ee1e4",
    "files": {
      "flashover.yaml": {
        "filename": "flashover.yaml",
        "type": "text/x-yaml",
        "language": "YAML",
        "raw_url": "https://gist.githubusercontent.com/arrdem/ee47b818d75cb5a624174d8fe41ee1e4/raw/12869fbc445bd5b29211171dabb07bfb7c79b666/flashover.yaml",
        "size": 13027
      }
    },
    "public": true,
    "created_at": "2020-07-06T05:40:16Z",
    "updated_at": "2020-07-06T05:40:17Z",
    "description": "",
    "comments": 0,
    "user": null,
    "comments_url": "https://api.github.com/gists/ee47b818d75cb5a624174d8fe41ee1e4/comments",
    "owner": {
      "login": "arrdem",
      "id": 704767,
      "node_id": "MDQ6VXNlcjcwNDc2Nw==",
      "avatar_url": "https://avatars3.githubusercontent.com/u/704767?v=4",
      "gravatar_id": "",
      "url": "https://api.github.com/users/arrdem",
      "html_url": "https://github.com/arrdem",
      "followers_url": "https://api.github.com/users/arrdem/followers",
      "following_url": "https://api.github.com/users/arrdem/following{/other_user}",
      "gists_url": "https://api.github.com/users/arrdem/gists{/gist_id}",
      "starred_url": "https://api.github.com/users/arrdem/starred{/owner}{/repo}",
      "subscriptions_url": "https://api.github.com/users/arrdem/subscriptions",
      "organizations_url": "https://api.github.com/users/arrdem/orgs",
      "repos_url": "https://api.github.com/users/arrdem/repos",
      "events_url": "https://api.github.com/users/arrdem/events{/privacy}",
      "received_events_url": "https://api.github.com/users/arrdem/received_events",
      "type": "User",
      "site_admin": false
    },
    "truncated": false
  },
  {
    "url": "https://api.github.com/gists/f81a2817d8f31676c2efa998cb96435a",
    "forks_url": "https://api.github.com/gists/f81a2817d8f31676c2efa998cb96435a/forks",
    "commits_url": "https://api.github.com/gists/f81a2817d8f31676c2efa998cb96435a/commits",
    "id": "f81a2817d8f31676c2efa998cb96435a",
    "node_id": "MDQ6R2lzdGY4MWEyODE3ZDhmMzE2NzZjMmVmYTk5OGNiOTY0MzVh",
    "git_pull_url": "https://gist.github.com/f81a2817d8f31676c2efa998cb96435a.git",
    "git_push_url": "https://gist.github.com/f81a2817d8f31676c2efa998cb96435a.git",
    "html_url": "https://gist.github.com/f81a2817d8f31676c2efa998cb96435a",
    "files": {
      "keybase.md": {
        "filename": "keybase.md",
        "type": "text/markdown",
        "language": "Markdown",
        "raw_url": "https://gist.githubusercontent.com/caseyhen/f81a2817d8f31676c2efa998cb96435a/raw/fdc59a8e5d1103e0fc13608871236480540fd9f8/keybase.md",
        "size": 2139
      }
    },
    "public": true,
    "created_at": "2020-07-06T05:39:33Z",
    "updated_at": "2020-07-06T05:41:09Z",
    "description": "",
    "comments": 0,
    "user": null,
    "comments_url": "https://api.github.com/gists/f81a2817d8f31676c2efa998cb96435a/comments",
    "owner": {
      "login": "caseyhen",
      "id": 446363,
      "node_id": "MDQ6VXNlcjQ0NjM2Mw==",
      "avatar_url": "https://avatars2.githubusercontent.com/u/446363?v=4",
      "gravatar_id": "",
      "url": "https://api.github.com/users/caseyhen",
      "html_url": "https://github.com/caseyhen",
      "followers_url": "https://api.github.com/users/caseyhen/followers",
      "following_url": "https://api.github.com/users/caseyhen/following{/other_user}",
      "gists_url": "https://api.github.com/users/caseyhen/gists{/gist_id}",
      "starred_url": "https://api.github.com/users/caseyhen/starred{/owner}{/repo}",
      "subscriptions_url": "https://api.github.com/users/caseyhen/subscriptions",
      "organizations_url": "https://api.github.com/users/caseyhen/orgs",
      "repos_url": "https://api.github.com/users/caseyhen/repos",
      "events_url": "https://api.github.com/users/caseyhen/events{/privacy}",
      "received_events_url": "https://api.github.com/users/caseyhen/received_events",
      "type": "User",
      "site_admin": false
    },
    "truncated": false
  },
  {
    "url": "https://api.github.com/gists/fa9b5724547b2ae9b94a4be671308702",
    "forks_url": "https://api.github.com/gists/fa9b5724547b2ae9b94a4be671308702/forks",
    "commits_url": "https://api.github.com/gists/fa9b5724547b2ae9b94a4be671308702/commits",
    "id": "fa9b5724547b2ae9b94a4be671308702",
    "node_id": "MDQ6R2lzdGZhOWI1NzI0NTQ3YjJhZTliOTRhNGJlNjcxMzA4NzAy",
    "git_pull_url": "https://gist.github.com/fa9b5724547b2ae9b94a4be671308702.git",
    "git_push_url": "https://gist.github.com/fa9b5724547b2ae9b94a4be671308702.git",
    "html_url": "https://gist.github.com/fa9b5724547b2ae9b94a4be671308702",
    "files": {
      "Potential Maintainers": {
        "filename": "Potential Maintainers",
        "type": "text/plain",
        "language": null,
        "raw_url": "https://gist.githubusercontent.com/GrahamcOfBorg/fa9b5724547b2ae9b94a4be671308702/raw/fbf36b9fb17093c5748962c113eb0c280d06342b/Potential%20Maintainers",
        "size": 600
      }
    },
    "public": true,
    "created_at": "2020-07-06T05:39:13Z",
    "updated_at": "2020-07-06T05:39:13Z",
    "description": "",
    "comments": 0,
    "user": null,
    "comments_url": "https://api.github.com/gists/fa9b5724547b2ae9b94a4be671308702/comments",
    "owner": {
      "login": "GrahamcOfBorg",
      "id": 25447658,
      "node_id": "MDQ6VXNlcjI1NDQ3NjU4",
      "avatar_url": "https://avatars2.githubusercontent.com/u/25447658?v=4",
      "gravatar_id": "",
      "url": "https://api.github.com/users/GrahamcOfBorg",
      "html_url": "https://github.com/GrahamcOfBorg",
      "followers_url": "https://api.github.com/users/GrahamcOfBorg/followers",
      "following_url": "https://api.github.com/users/GrahamcOfBorg/following{/other_user}",
      "gists_url": "https://api.github.com/users/GrahamcOfBorg/gists{/gist_id}",
      "starred_url": "https://api.github.com/users/GrahamcOfBorg/starred{/owner}{/repo}",
      "subscriptions_url": "https://api.github.com/users/GrahamcOfBorg/subscriptions",
      "organizations_url": "https://api.github.com/users/GrahamcOfBorg/orgs",
      "repos_url": "https://api.github.com/users/GrahamcOfBorg/repos",
      "events_url": "https://api.github.com/users/GrahamcOfBorg/events{/privacy}",
      "received_events_url": "https://api.github.com/users/GrahamcOfBorg/received_events",
      "type": "User",
      "site_admin": false
    },
    "truncated": false
  },
  {
    "url": "https://api.github.com/gists/0412c43bacbedd261c12c7e3c80f6d34",
    "forks_url": "https://api.github.com/gists/0412c43bacbedd261c12c7e3c80f6d34/forks",
    "commits_url": "https://api.github.com/gists/0412c43bacbedd261c12c7e3c80f6d34/commits",
    "id": "0412c43bacbedd261c12c7e3c80f6d34",
    "node_id": "MDQ6R2lzdDA0MTJjNDNiYWNiZWRkMjYxYzEyYzdlM2M4MGY2ZDM0",
    "git_pull_url": "https://gist.github.com/0412c43bacbedd261c12c7e3c80f6d34.git",
    "git_push_url": "https://gist.github.com/0412c43bacbedd261c12c7e3c80f6d34.git",
    "html_url": "https://gist.github.com/0412c43bacbedd261c12c7e3c80f6d34",
    "files": {
      "Changed Paths": {
        "filename": "Changed Paths",
        "type": "text/plain",
        "language": null,
        "raw_url": "https://gist.githubusercontent.com/GrahamcOfBorg/0412c43bacbedd261c12c7e3c80f6d34/raw/dbeb6ba8a73d6104d4a11ad8c92a5bd3e3a3bb46/Changed%20Paths",
        "size": 311750
      }
    },
    "public": true,
    "created_at": "2020-07-06T05:39:07Z",
    "updated_at": "2020-07-06T05:39:08Z",
    "description": "",
    "comments": 0,
    "user": null,
    "comments_url": "https://api.github.com/gists/0412c43bacbedd261c12c7e3c80f6d34/comments",
    "owner": {
      "login": "GrahamcOfBorg",
      "id": 25447658,
      "node_id": "MDQ6VXNlcjI1NDQ3NjU4",
      "avatar_url": "https://avatars2.githubusercontent.com/u/25447658?v=4",
      "gravatar_id": "",
      "url": "https://api.github.com/users/GrahamcOfBorg",
      "html_url": "https://github.com/GrahamcOfBorg",
      "followers_url": "https://api.github.com/users/GrahamcOfBorg/followers",
      "following_url": "https://api.github.com/users/GrahamcOfBorg/following{/other_user}",
      "gists_url": "https://api.github.com/users/GrahamcOfBorg/gists{/gist_id}",
      "starred_url": "https://api.github.com/users/GrahamcOfBorg/starred{/owner}{/repo}",
      "subscriptions_url": "https://api.github.com/users/GrahamcOfBorg/subscriptions",
      "organizations_url": "https://api.github.com/users/GrahamcOfBorg/orgs",
      "repos_url": "https://api.github.com/users/GrahamcOfBorg/repos",
      "events_url": "https://api.github.com/users/GrahamcOfBorg/events{/privacy}",
      "received_events_url": "https://api.github.com/users/GrahamcOfBorg/received_events",
      "type": "User",
      "site_admin": false
    },
    "truncated": false
  },
  {
    "url": "https://api.github.com/gists/ce7e448ff7b67ebb72a3d851cbdc4d50",
    "forks_url": "https://api.github.com/gists/ce7e448ff7b67ebb72a3d851cbdc4d50/forks",
    "commits_url": "https://api.github.com/gists/ce7e448ff7b67ebb72a3d851cbdc4d50/commits",
    "id": "ce7e448ff7b67ebb72a3d851cbdc4d50",
    "node_id": "MDQ6R2lzdGNlN2U0NDhmZjdiNjdlYmI3MmEzZDg1MWNiZGM0ZDUw",
    "git_pull_url": "https://gist.github.com/ce7e448ff7b67ebb72a3d851cbdc4d50.git",
    "git_push_url": "https://gist.github.com/ce7e448ff7b67ebb72a3d851cbdc4d50.git",
    "html_url": "https://gist.github.com/ce7e448ff7b67ebb72a3d851cbdc4d50",
    "files": {
      "output_log.txt": {
        "filename": "output_log.txt",
        "type": "text/plain",
        "language": "Text",
        "raw_url": "https://gist.githubusercontent.com/HugsLibRecordKeeper/ce7e448ff7b67ebb72a3d851cbdc4d50/raw/30f96280fa886b6364ce80d5f730298f49f29a75/output_log.txt",
        "size": 224551
      }
    },
    "public": true,
    "created_at": "2020-07-06T05:38:53Z",
    "updated_at": "2020-07-06T05:38:53Z",
    "description": "Rimworld output log published using HugsLib",
    "comments": 0,
    "user": null,
    "comments_url": "https://api.github.com/gists/ce7e448ff7b67ebb72a3d851cbdc4d50/comments",
    "owner": {
      "login": "HugsLibRecordKeeper",
      "id": 23506375,
      "node_id": "MDQ6VXNlcjIzNTA2Mzc1",
      "avatar_url": "https://avatars0.githubusercontent.com/u/23506375?v=4",
      "gravatar_id": "",
      "url": "https://api.github.com/users/HugsLibRecordKeeper",
      "html_url": "https://github.com/HugsLibRecordKeeper",
      "followers_url": "https://api.github.com/users/HugsLibRecordKeeper/followers",
      "following_url": "https://api.github.com/users/HugsLibRecordKeeper/following{/other_user}",
      "gists_url": "https://api.github.com/users/HugsLibRecordKeeper/gists{/gist_id}",
      "starred_url": "https://api.github.com/users/HugsLibRecordKeeper/starred{/owner}{/repo}",
      "subscriptions_url": "https://api.github.com/users/HugsLibRecordKeeper/subscriptions",
      "organizations_url": "https://api.github.com/users/HugsLibRecordKeeper/orgs",
      "repos_url": "https://api.github.com/users/HugsLibRecordKeeper/repos",
      "events_url": "https://api.github.com/users/HugsLibRecordKeeper/events{/privacy}",
      "received_events_url": "https://api.github.com/users/HugsLibRecordKeeper/received_events",
      "type": "User",
      "site_admin": false
    },
    "truncated": false
  },
  {
    "url": "https://api.github.com/gists/8a532727d2f605de24ddb8fc6277714d",
    "forks_url": "https://api.github.com/gists/8a532727d2f605de24ddb8fc6277714d/forks",
    "commits_url": "https://api.github.com/gists/8a532727d2f605de24ddb8fc6277714d/commits",
    "id": "8a532727d2f605de24ddb8fc6277714d",
    "node_id": "MDQ6R2lzdDhhNTMyNzI3ZDJmNjA1ZGUyNGRkYjhmYzYyNzc3MTRk",
    "git_pull_url": "https://gist.github.com/8a532727d2f605de24ddb8fc6277714d.git",
    "git_push_url": "https://gist.github.com/8a532727d2f605de24ddb8fc6277714d.git",
    "html_url": "https://gist.github.com/8a532727d2f605de24ddb8fc6277714d",
    "files": {
      "Potential Maintainers": {
        "filename": "Potential Maintainers",
        "type": "text/plain",
        "language": null,
        "raw_url": "https://gist.githubusercontent.com/GrahamcOfBorg/8a532727d2f605de24ddb8fc6277714d/raw/f86d741b5ca337763a56f02715b19940ef17cad5/Potential%20Maintainers",
        "size": 151
      }
    },
    "public": true,
    "created_at": "2020-07-06T05:38:40Z",
    "updated_at": "2020-07-06T05:38:41Z",
    "description": "",
    "comments": 0,
    "user": null,
    "comments_url": "https://api.github.com/gists/8a532727d2f605de24ddb8fc6277714d/comments",
    "owner": {
      "login": "GrahamcOfBorg",
      "id": 25447658,
      "node_id": "MDQ6VXNlcjI1NDQ3NjU4",
      "avatar_url": "https://avatars2.githubusercontent.com/u/25447658?v=4",
      "gravatar_id": "",
      "url": "https://api.github.com/users/GrahamcOfBorg",
      "html_url": "https://github.com/GrahamcOfBorg",
      "followers_url": "https://api.github.com/users/GrahamcOfBorg/followers",
      "following_url": "https://api.github.com/users/GrahamcOfBorg/following{/other_user}",
      "gists_url": "https://api.github.com/users/GrahamcOfBorg/gists{/gist_id}",
      "starred_url": "https://api.github.com/users/GrahamcOfBorg/starred{/owner}{/repo}",
      "subscriptions_url": "https://api.github.com/users/GrahamcOfBorg/subscriptions",
      "organizations_url": "https://api.github.com/users/GrahamcOfBorg/orgs",
      "repos_url": "https://api.github.com/users/GrahamcOfBorg/repos",
      "events_url": "https://api.github.com/users/GrahamcOfBorg/events{/privacy}",
      "received_events_url": "https://api.github.com/users/GrahamcOfBorg/received_events",
      "type": "User",
      "site_admin": false
    },
    "truncated": false
  },
  {
    "url": "https://api.github.com/gists/2dc5126f8766da4966e99efaa4fe6aa9",
    "forks_url": "https://api.github.com/gists/2dc5126f8766da4966e99efaa4fe6aa9/forks",
    "commits_url": "https://api.github.com/gists/2dc5126f8766da4966e99efaa4fe6aa9/commits",
    "id": "2dc5126f8766da4966e99efaa4fe6aa9",
    "node_id": "MDQ6R2lzdDJkYzUxMjZmODc2NmRhNDk2NmU5OWVmYWE0ZmU2YWE5",
    "git_pull_url": "https://gist.github.com/2dc5126f8766da4966e99efaa4fe6aa9.git",
    "git_push_url": "https://gist.github.com/2dc5126f8766da4966e99efaa4fe6aa9.git",
    "html_url": "https://gist.github.com/2dc5126f8766da4966e99efaa4fe6aa9",
    "files": {
      "Changed Paths": {
        "filename": "Changed Paths",
        "type": "text/plain",
        "language": null,
        "raw_url": "https://gist.githubusercontent.com/GrahamcOfBorg/2dc5126f8766da4966e99efaa4fe6aa9/raw/917cb396f550c386741b610c60241eebb7a25d61/Changed%20Paths",
        "size": 223
      }
    },
    "public": true,
    "created_at": "2020-07-06T05:38:38Z",
    "updated_at": "2020-07-06T05:38:39Z",
    "description": "",
    "comments": 0,
    "user": null,
    "comments_url": "https://api.github.com/gists/2dc5126f8766da4966e99efaa4fe6aa9/comments",
    "owner": {
      "login": "GrahamcOfBorg",
      "id": 25447658,
      "node_id": "MDQ6VXNlcjI1NDQ3NjU4",
      "avatar_url": "https://avatars2.githubusercontent.com/u/25447658?v=4",
      "gravatar_id": "",
      "url": "https://api.github.com/users/GrahamcOfBorg",
      "html_url": "https://github.com/GrahamcOfBorg",
      "followers_url": "https://api.github.com/users/GrahamcOfBorg/followers",
      "following_url": "https://api.github.com/users/GrahamcOfBorg/following{/other_user}",
      "gists_url": "https://api.github.com/users/GrahamcOfBorg/gists{/gist_id}",
      "starred_url": "https://api.github.com/users/GrahamcOfBorg/starred{/owner}{/repo}",
      "subscriptions_url": "https://api.github.com/users/GrahamcOfBorg/subscriptions",
      "organizations_url": "https://api.github.com/users/GrahamcOfBorg/orgs",
      "repos_url": "https://api.github.com/users/GrahamcOfBorg/repos",
      "events_url": "https://api.github.com/users/GrahamcOfBorg/events{/privacy}",
      "received_events_url": "https://api.github.com/users/GrahamcOfBorg/received_events",
      "type": "User",
      "site_admin": false
    },
    "truncated": false
  },
  {
    "url": "https://api.github.com/gists/daffce0aa47840300d4366fa2708cf66",
    "forks_url": "https://api.github.com/gists/daffce0aa47840300d4366fa2708cf66/forks",
    "commits_url": "https://api.github.com/gists/daffce0aa47840300d4366fa2708cf66/commits",
    "id": "daffce0aa47840300d4366fa2708cf66",
    "node_id": "MDQ6R2lzdGRhZmZjZTBhYTQ3ODQwMzAwZDQzNjZmYTI3MDhjZjY2",
    "git_pull_url": "https://gist.github.com/daffce0aa47840300d4366fa2708cf66.git",
    "git_push_url": "https://gist.github.com/daffce0aa47840300d4366fa2708cf66.git",
    "html_url": "https://gist.github.com/daffce0aa47840300d4366fa2708cf66",
    "files": {
      "gh-deploy.yml": {
        "filename": "gh-deploy.yml",
        "type": "text/x-yaml",
        "language": "YAML",
        "raw_url": "https://gist.githubusercontent.com/Rolstenhouse/daffce0aa47840300d4366fa2708cf66/raw/e035ddb69cd10289381913a7638b91604897ea46/gh-deploy.yml",
        "size": 1496
      }
    },
    "public": true,
    "created_at": "2020-07-06T05:38:23Z",
    "updated_at": "2020-07-06T05:38:23Z",
    "description": "",
    "comments": 0,
    "user": null,
    "comments_url": "https://api.github.com/gists/daffce0aa47840300d4366fa2708cf66/comments",
    "owner": {
      "login": "Rolstenhouse",
      "id": 8951172,
      "node_id": "MDQ6VXNlcjg5NTExNzI=",
      "avatar_url": "https://avatars1.githubusercontent.com/u/8951172?v=4",
      "gravatar_id": "",
      "url": "https://api.github.com/users/Rolstenhouse",
      "html_url": "https://github.com/Rolstenhouse",
      "followers_url": "https://api.github.com/users/Rolstenhouse/followers",
      "following_url": "https://api.github.com/users/Rolstenhouse/following{/other_user}",
      "gists_url": "https://api.github.com/users/Rolstenhouse/gists{/gist_id}",
      "starred_url": "https://api.github.com/users/Rolstenhouse/starred{/owner}{/repo}",
      "subscriptions_url": "https://api.github.com/users/Rolstenhouse/subscriptions",
      "organizations_url": "https://api.github.com/users/Rolstenhouse/orgs",
      "repos_url": "https://api.github.com/users/Rolstenhouse/repos",
      "events_url": "https://api.github.com/users/Rolstenhouse/events{/privacy}",
      "received_events_url": "https://api.github.com/users/Rolstenhouse/received_events",
      "type": "User",
      "site_admin": false
    },
    "truncated": false
  },
  {
    "url": "https://api.github.com/gists/ee796aa20bb1f1acf7e7d6c8cb425d5d",
    "forks_url": "https://api.github.com/gists/ee796aa20bb1f1acf7e7d6c8cb425d5d/forks",
    "commits_url": "https://api.github.com/gists/ee796aa20bb1f1acf7e7d6c8cb425d5d/commits",
    "id": "ee796aa20bb1f1acf7e7d6c8cb425d5d",
    "node_id": "MDQ6R2lzdGVlNzk2YWEyMGJiMWYxYWNmN2U3ZDZjOGNiNDI1ZDVk",
    "git_pull_url": "https://gist.github.com/ee796aa20bb1f1acf7e7d6c8cb425d5d.git",
    "git_push_url": "https://gist.github.com/ee796aa20bb1f1acf7e7d6c8cb425d5d.git",
    "html_url": "https://gist.github.com/ee796aa20bb1f1acf7e7d6c8cb425d5d",
    "files": {
      "customLabel": {
        "filename": "customLabel",
        "type": "text/plain",
        "language": null,
        "raw_url": "https://gist.githubusercontent.com/LokeshSagi/ee796aa20bb1f1acf7e7d6c8cb425d5d/raw/8a1b2bc2e7d90ecbf72cbf9a285cf873af318477/customLabel",
        "size": 212
      },
      "formatLabel.html": {
        "filename": "formatLabel.html",
        "type": "text/html",
        "language": "HTML",
        "raw_url": "https://gist.githubusercontent.com/LokeshSagi/ee796aa20bb1f1acf7e7d6c8cb425d5d/raw/379f6b5c854fc4f48f48e43a4689c8d659a257a3/formatLabel.html",
        "size": 126
      },
      "formatLabel.js": {
        "filename": "formatLabel.js",
        "type": "application/javascript",
        "language": "JavaScript",
        "raw_url": "https://gist.githubusercontent.com/LokeshSagi/ee796aa20bb1f1acf7e7d6c8cb425d5d/raw/f6a53afdd0d8b9eabe95d435a3b8789adafad4b6/formatLabel.js",
        "size": 554
      }
    },
    "public": true,
    "created_at": "2020-07-06T05:38:19Z",
    "updated_at": "2020-07-06T05:38:20Z",
    "description": "",
    "comments": 0,
    "user": null,
    "comments_url": "https://api.github.com/gists/ee796aa20bb1f1acf7e7d6c8cb425d5d/comments",
    "owner": {
      "login": "LokeshSagi",
      "id": 45163788,
      "node_id": "MDQ6VXNlcjQ1MTYzNzg4",
      "avatar_url": "https://avatars0.githubusercontent.com/u/45163788?v=4",
      "gravatar_id": "",
      "url": "https://api.github.com/users/LokeshSagi",
      "html_url": "https://github.com/LokeshSagi",
      "followers_url": "https://api.github.com/users/LokeshSagi/followers",
      "following_url": "https://api.github.com/users/LokeshSagi/following{/other_user}",
      "gists_url": "https://api.github.com/users/LokeshSagi/gists{/gist_id}",
      "starred_url": "https://api.github.com/users/LokeshSagi/starred{/owner}{/repo}",
      "subscriptions_url": "https://api.github.com/users/LokeshSagi/subscriptions",
      "organizations_url": "https://api.github.com/users/LokeshSagi/orgs",
      "repos_url": "https://api.github.com/users/LokeshSagi/repos",
      "events_url": "https://api.github.com/users/LokeshSagi/events{/privacy}",
      "received_events_url": "https://api.github.com/users/LokeshSagi/received_events",
      "type": "User",
      "site_admin": false
    },
    "truncated": false
  },
  {
    "url": "https://api.github.com/gists/e28a7e1ce2c55c1655098e45f0e85621",
    "forks_url": "https://api.github.com/gists/e28a7e1ce2c55c1655098e45f0e85621/forks",
    "commits_url": "https://api.github.com/gists/e28a7e1ce2c55c1655098e45f0e85621/commits",
    "id": "e28a7e1ce2c55c1655098e45f0e85621",
    "node_id": "MDQ6R2lzdGUyOGE3ZTFjZTJjNTVjMTY1NTA5OGU0NWYwZTg1NjIx",
    "git_pull_url": "https://gist.github.com/e28a7e1ce2c55c1655098e45f0e85621.git",
    "git_push_url": "https://gist.github.com/e28a7e1ce2c55c1655098e45f0e85621.git",
    "html_url": "https://gist.github.com/e28a7e1ce2c55c1655098e45f0e85621",
    "files": {
      "FilesSnapshot.xml": {
        "filename": "FilesSnapshot.xml",
        "type": "application/xml",
        "language": "XML",
        "raw_url": "https://gist.githubusercontent.com/choco-bot/e28a7e1ce2c55c1655098e45f0e85621/raw/03652c7bdaa88571ff988c6c7555252a906c69e5/FilesSnapshot.xml",
        "size": 732
      },
      "Install.txt": {
        "filename": "Install.txt",
        "type": "text/plain",
        "language": "Text",
        "raw_url": "https://gist.githubusercontent.com/choco-bot/e28a7e1ce2c55c1655098e45f0e85621/raw/cea16304e6f57fbce049ec0b4fdfdf97d1eac280/Install.txt",
        "size": 38090
      },
      "Uninstall.txt": {
        "filename": "Uninstall.txt",
        "type": "text/plain",
        "language": "Text",
        "raw_url": "https://gist.githubusercontent.com/choco-bot/e28a7e1ce2c55c1655098e45f0e85621/raw/2633e7733bcd4e31b17715fe8cd715908f2d24dc/Uninstall.txt",
        "size": 10520
      },
      "_Summary.md": {
        "filename": "_Summary.md",
        "type": "text/markdown",
        "language": "Markdown",
        "raw_url": "https://gist.githubusercontent.com/choco-bot/e28a7e1ce2c55c1655098e45f0e85621/raw/35a6e31e84f5377f4bd4d8315c89d9042710d1a0/_Summary.md",
        "size": 458
      }
    },
    "public": true,
    "created_at": "2020-07-06T05:38:16Z",
    "updated_at": "2020-07-06T05:38:16Z",
    "description": "registrymanager v8.02 - Passed - Package Tests Results",
    "comments": 0,
    "user": null,
    "comments_url": "https://api.github.com/gists/e28a7e1ce2c55c1655098e45f0e85621/comments",
    "owner": {
      "login": "choco-bot",
      "id": 6270979,
      "node_id": "MDQ6VXNlcjYyNzA5Nzk=",
      "avatar_url": "https://avatars2.githubusercontent.com/u/6270979?v=4",
      "gravatar_id": "",
      "url": "https://api.github.com/users/choco-bot",
      "html_url": "https://github.com/choco-bot",
      "followers_url": "https://api.github.com/users/choco-bot/followers",
      "following_url": "https://api.github.com/users/choco-bot/following{/other_user}",
      "gists_url": "https://api.github.com/users/choco-bot/gists{/gist_id}",
      "starred_url": "https://api.github.com/users/choco-bot/starred{/owner}{/repo}",
      "subscriptions_url": "https://api.github.com/users/choco-bot/subscriptions",
      "organizations_url": "https://api.github.com/users/choco-bot/orgs",
      "repos_url": "https://api.github.com/users/choco-bot/repos",
      "events_url": "https://api.github.com/users/choco-bot/events{/privacy}",
      "received_events_url": "https://api.github.com/users/choco-bot/received_events",
      "type": "User",
      "site_admin": false
    },
    "truncated": false
  },
  {
    "url": "https://api.github.com/gists/33e7905d3aedc8f60a87a6255fb965ee",
    "forks_url": "https://api.github.com/gists/33e7905d3aedc8f60a87a6255fb965ee/forks",
    "commits_url": "https://api.github.com/gists/33e7905d3aedc8f60a87a6255fb965ee/commits",
    "id": "33e7905d3aedc8f60a87a6255fb965ee",
    "node_id": "MDQ6R2lzdDMzZTc5MDVkM2FlZGM4ZjYwYTg3YTYyNTVmYjk2NWVl",
    "git_pull_url": "https://gist.github.com/33e7905d3aedc8f60a87a6255fb965ee.git",
    "git_push_url": "https://gist.github.com/33e7905d3aedc8f60a87a6255fb965ee.git",
    "html_url": "https://gist.github.com/33e7905d3aedc8f60a87a6255fb965ee",
    "files": {
      "GridCheckerUnity.cs": {
        "filename": "GridCheckerUnity.cs",
        "type": "text/plain",
        "language": "C#",
        "raw_url": "https://gist.githubusercontent.com/antoinefortin/33e7905d3aedc8f60a87a6255fb965ee/raw/7af46ce8390962f7b1cc439263b562ebd41c697c/GridCheckerUnity.cs",
        "size": 1485
      }
    },
    "public": true,
    "created_at": "2020-07-06T05:37:54Z",
    "updated_at": "2020-07-06T05:37:54Z",
    "description": "Grid Checkboard in Unity",
    "comments": 0,
    "user": null,
    "comments_url": "https://api.github.com/gists/33e7905d3aedc8f60a87a6255fb965ee/comments",
    "owner": {
      "login": "antoinefortin",
      "id": 13193181,
      "node_id": "MDQ6VXNlcjEzMTkzMTgx",
      "avatar_url": "https://avatars1.githubusercontent.com/u/13193181?v=4",
      "gravatar_id": "",
      "url": "https://api.github.com/users/antoinefortin",
      "html_url": "https://github.com/antoinefortin",
      "followers_url": "https://api.github.com/users/antoinefortin/followers",
      "following_url": "https://api.github.com/users/antoinefortin/following{/other_user}",
      "gists_url": "https://api.github.com/users/antoinefortin/gists{/gist_id}",
      "starred_url": "https://api.github.com/users/antoinefortin/starred{/owner}{/repo}",
      "subscriptions_url": "https://api.github.com/users/antoinefortin/subscriptions",
      "organizations_url": "https://api.github.com/users/antoinefortin/orgs",
      "repos_url": "https://api.github.com/users/antoinefortin/repos",
      "events_url": "https://api.github.com/users/antoinefortin/events{/privacy}",
      "received_events_url": "https://api.github.com/users/antoinefortin/received_events",
      "type": "User",
      "site_admin": false
    },
    "truncated": false
  },
  {
    "url": "https://api.github.com/gists/e9e3912f25b819333d6eabdbd60892de",
    "forks_url": "https://api.github.com/gists/e9e3912f25b819333d6eabdbd60892de/forks",
    "commits_url": "https://api.github.com/gists/e9e3912f25b819333d6eabdbd60892de/commits",
    "id": "e9e3912f25b819333d6eabdbd60892de",
    "node_id": "MDQ6R2lzdGU5ZTM5MTJmMjViODE5MzMzZDZlYWJkYmQ2MDg5MmRl",
    "git_pull_url": "https://gist.github.com/e9e3912f25b819333d6eabdbd60892de.git",
    "git_push_url": "https://gist.github.com/e9e3912f25b819333d6eabdbd60892de.git",
    "html_url": "https://gist.github.com/e9e3912f25b819333d6eabdbd60892de",
    "files": {
      "UIColor+Extension.swift": {
        "filename": "UIColor+Extension.swift",
        "type": "text/plain",
        "language": "Swift",
        "raw_url": "https://gist.githubusercontent.com/RustemAqtau/e9e3912f25b819333d6eabdbd60892de/raw/575dc346d54b39b03e1de51567e86aaba4bd51d1/UIColor%2BExtension.swift",
        "size": 109
      }
    },
    "public": true,
    "created_at": "2020-07-06T05:37:45Z",
    "updated_at": "2020-07-06T05:37:45Z",
    "description": "UIColor extension",
    "comments": 0,
    "user": null,
    "comments_url": "https://api.github.com/gists/e9e3912f25b819333d6eabdbd60892de/comments",
    "owner": {
      "login": "RustemAqtau",
      "id": 10935555,
      "node_id": "MDQ6VXNlcjEwOTM1NTU1",
      "avatar_url": "https://avatars0.githubusercontent.com/u/10935555?v=4",
      "gravatar_id": "",
      "url": "https://api.github.com/users/RustemAqtau",
      "html_url": "https://github.com/RustemAqtau",
      "followers_url": "https://api.github.com/users/RustemAqtau/followers",
      "following_url": "https://api.github.com/users/RustemAqtau/following{/other_user}",
      "gists_url": "https://api.github.com/users/RustemAqtau/gists{/gist_id}",
      "starred_url": "https://api.github.com/users/RustemAqtau/starred{/owner}{/repo}",
      "subscriptions_url": "https://api.github.com/users/RustemAqtau/subscriptions",
      "organizations_url": "https://api.github.com/users/RustemAqtau/orgs",
      "repos_url": "https://api.github.com/users/RustemAqtau/repos",
      "events_url": "https://api.github.com/users/RustemAqtau/events{/privacy}",
      "received_events_url": "https://api.github.com/users/RustemAqtau/received_events",
      "type": "User",
      "site_admin": false
    },
    "truncated": false
  },
  {
    "url": "https://api.github.com/gists/4d9c42f8da7b0721b43bf11b7e7ebf28",
    "forks_url": "https://api.github.com/gists/4d9c42f8da7b0721b43bf11b7e7ebf28/forks",
    "commits_url": "https://api.github.com/gists/4d9c42f8da7b0721b43bf11b7e7ebf28/commits",
    "id": "4d9c42f8da7b0721b43bf11b7e7ebf28",
    "node_id": "MDQ6R2lzdDRkOWM0MmY4ZGE3YjA3MjFiNDNiZjExYjdlN2ViZjI4",
    "git_pull_url": "https://gist.github.com/4d9c42f8da7b0721b43bf11b7e7ebf28.git",
    "git_push_url": "https://gist.github.com/4d9c42f8da7b0721b43bf11b7e7ebf28.git",
    "html_url": "https://gist.github.com/4d9c42f8da7b0721b43bf11b7e7ebf28",
    "files": {
      "PY0101EN-1-2-Strings.ipynb": {
        "filename": "PY0101EN-1-2-Strings.ipynb",
        "type": "text/plain",
        "language": "Jupyter Notebook",
        "raw_url": "https://gist.githubusercontent.com/EKippie/4d9c42f8da7b0721b43bf11b7e7ebf28/raw/2cb2ab8b5be5c21182553d68338a1e27a5575241/PY0101EN-1-2-Strings.ipynb",
        "size": 35000
      }
    },
    "public": true,
    "created_at": "2020-07-06T05:37:22Z",
    "updated_at": "2020-07-06T05:37:23Z",
    "description": "Created on Skills Network Labs",
    "comments": 0,
    "user": null,
    "comments_url": "https://api.github.com/gists/4d9c42f8da7b0721b43bf11b7e7ebf28/comments",
    "owner": {
      "login": "EKippie",
      "id": 66768908,
      "node_id": "MDQ6VXNlcjY2NzY4OTA4",
      "avatar_url": "https://avatars3.githubusercontent.com/u/66768908?v=4",
      "gravatar_id": "",
      "url": "https://api.github.com/users/EKippie",
      "html_url": "https://github.com/EKippie",
      "followers_url": "https://api.github.com/users/EKippie/followers",
      "following_url": "https://api.github.com/users/EKippie/following{/other_user}",
      "gists_url": "https://api.github.com/users/EKippie/gists{/gist_id}",
      "starred_url": "https://api.github.com/users/EKippie/starred{/owner}{/repo}",
      "subscriptions_url": "https://api.github.com/users/EKippie/subscriptions",
      "organizations_url": "https://api.github.com/users/EKippie/orgs",
      "repos_url": "https://api.github.com/users/EKippie/repos",
      "events_url": "https://api.github.com/users/EKippie/events{/privacy}",
      "received_events_url": "https://api.github.com/users/EKippie/received_events",
      "type": "User",
      "site_admin": false
    },
    "truncated": false
  },
  {
    "url": "https://api.github.com/gists/295c1367607c9be3081d9ae7c7a4191f",
    "forks_url": "https://api.github.com/gists/295c1367607c9be3081d9ae7c7a4191f/forks",
    "commits_url": "https://api.github.com/gists/295c1367607c9be3081d9ae7c7a4191f/commits",
    "id": "295c1367607c9be3081d9ae7c7a4191f",
    "node_id": "MDQ6R2lzdDI5NWMxMzY3NjA3YzliZTMwODFkOWFlN2M3YTQxOTFm",
    "git_pull_url": "https://gist.github.com/295c1367607c9be3081d9ae7c7a4191f.git",
    "git_push_url": "https://gist.github.com/295c1367607c9be3081d9ae7c7a4191f.git",
    "html_url": "https://gist.github.com/295c1367607c9be3081d9ae7c7a4191f",
    "files": {
      "PY0101EN-1-2-Strings.ipynb": {
        "filename": "PY0101EN-1-2-Strings.ipynb",
        "type": "text/plain",
        "language": "Jupyter Notebook",
        "raw_url": "https://gist.githubusercontent.com/EKippie/295c1367607c9be3081d9ae7c7a4191f/raw/2cb2ab8b5be5c21182553d68338a1e27a5575241/PY0101EN-1-2-Strings.ipynb",
        "size": 35000
      }
    },
    "public": true,
    "created_at": "2020-07-06T05:36:53Z",
    "updated_at": "2020-07-06T05:36:54Z",
    "description": "Created on Skills Network Labs",
    "comments": 0,
    "user": null,
    "comments_url": "https://api.github.com/gists/295c1367607c9be3081d9ae7c7a4191f/comments",
    "owner": {
      "login": "EKippie",
      "id": 66768908,
      "node_id": "MDQ6VXNlcjY2NzY4OTA4",
      "avatar_url": "https://avatars3.githubusercontent.com/u/66768908?v=4",
      "gravatar_id": "",
      "url": "https://api.github.com/users/EKippie",
      "html_url": "https://github.com/EKippie",
      "followers_url": "https://api.github.com/users/EKippie/followers",
      "following_url": "https://api.github.com/users/EKippie/following{/other_user}",
      "gists_url": "https://api.github.com/users/EKippie/gists{/gist_id}",
      "starred_url": "https://api.github.com/users/EKippie/starred{/owner}{/repo}",
      "subscriptions_url": "https://api.github.com/users/EKippie/subscriptions",
      "organizations_url": "https://api.github.com/users/EKippie/orgs",
      "repos_url": "https://api.github.com/users/EKippie/repos",
      "events_url": "https://api.github.com/users/EKippie/events{/privacy}",
      "received_events_url": "https://api.github.com/users/EKippie/received_events",
      "type": "User",
      "site_admin": false
    },
    "truncated": false
  },
  {
    "url": "https://api.github.com/gists/5f5e06d5ebc8d9d695f2ac0910627724",
    "forks_url": "https://api.github.com/gists/5f5e06d5ebc8d9d695f2ac0910627724/forks",
    "commits_url": "https://api.github.com/gists/5f5e06d5ebc8d9d695f2ac0910627724/commits",
    "id": "5f5e06d5ebc8d9d695f2ac0910627724",
    "node_id": "MDQ6R2lzdDVmNWUwNmQ1ZWJjOGQ5ZDY5NWYyYWMwOTEwNjI3NzI0",
    "git_pull_url": "https://gist.github.com/5f5e06d5ebc8d9d695f2ac0910627724.git",
    "git_push_url": "https://gist.github.com/5f5e06d5ebc8d9d695f2ac0910627724.git",
    "html_url": "https://gist.github.com/5f5e06d5ebc8d9d695f2ac0910627724",
    "files": {
      "reactjs-interview-tips.md": {
        "filename": "reactjs-interview-tips.md",
        "type": "text/markdown",
        "language": "Markdown",
        "raw_url": "https://gist.githubusercontent.com/HieuDevX/5f5e06d5ebc8d9d695f2ac0910627724/raw/46a72a10e98327e393f0165a3c78a2958258a7cc/reactjs-interview-tips.md",
        "size": 8492
      }
    },
    "public": true,
    "created_at": "2020-07-06T05:36:40Z",
    "updated_at": "2020-07-06T05:36:41Z",
    "description": "Bí kíp cho buổi phỏng vấn ReactJS thành công 🎉",
    "comments": 0,
    "user": null,
    "comments_url": "https://api.github.com/gists/5f5e06d5ebc8d9d695f2ac0910627724/comments",
    "owner": {
      "login": "HieuDevX",
      "id": 22586260,
      "node_id": "MDQ6VXNlcjIyNTg2MjYw",
      "avatar_url": "https://avatars1.githubusercontent.com/u/22586260?v=4",
      "gravatar_id": "",
      "url": "https://api.github.com/users/HieuDevX",
      "html_url": "https://github.com/HieuDevX",
      "followers_url": "https://api.github.com/users/HieuDevX/followers",
      "following_url": "https://api.github.com/users/HieuDevX/following{/other_user}",
      "gists_url": "https://api.github.com/users/HieuDevX/gists{/gist_id}",
      "starred_url": "https://api.github.com/users/HieuDevX/starred{/owner}{/repo}",
      "subscriptions_url": "https://api.github.com/users/HieuDevX/subscriptions",
      "organizations_url": "https://api.github.com/users/HieuDevX/orgs",
      "repos_url": "https://api.github.com/users/HieuDevX/repos",
      "events_url": "https://api.github.com/users/HieuDevX/events{/privacy}",
      "received_events_url": "https://api.github.com/users/HieuDevX/received_events",
      "type": "User",
      "site_admin": false
    },
    "truncated": false
  },
  {
    "url": "https://api.github.com/gists/f3820d95c3c0f8e4face9802705cc367",
    "forks_url": "https://api.github.com/gists/f3820d95c3c0f8e4face9802705cc367/forks",
    "commits_url": "https://api.github.com/gists/f3820d95c3c0f8e4face9802705cc367/commits",
    "id": "f3820d95c3c0f8e4face9802705cc367",
    "node_id": "MDQ6R2lzdGYzODIwZDk1YzNjMGY4ZTRmYWNlOTgwMjcwNWNjMzY3",
    "git_pull_url": "https://gist.github.com/f3820d95c3c0f8e4face9802705cc367.git",
    "git_push_url": "https://gist.github.com/f3820d95c3c0f8e4face9802705cc367.git",
    "html_url": "https://gist.github.com/f3820d95c3c0f8e4face9802705cc367",
    "files": {
      "FilesSnapshot.xml": {
        "filename": "FilesSnapshot.xml",
        "type": "application/xml",
        "language": "XML",
        "raw_url": "https://gist.githubusercontent.com/choco-bot/f3820d95c3c0f8e4face9802705cc367/raw/145096176dd77c8808d6afef811322c13458ef66/FilesSnapshot.xml",
        "size": 562
      },
      "Install.txt": {
        "filename": "Install.txt",
        "type": "text/plain",
        "language": "Text",
        "raw_url": "https://gist.githubusercontent.com/choco-bot/f3820d95c3c0f8e4face9802705cc367/raw/e2f4ad0ff9c6fc12f3f7e64096616ff0b65bf9ee/Install.txt",
        "size": 36192
      },
      "_Summary.md": {
        "filename": "_Summary.md",
        "type": "text/markdown",
        "language": "Markdown",
        "raw_url": "https://gist.githubusercontent.com/choco-bot/f3820d95c3c0f8e4face9802705cc367/raw/1ad0af4eeda2a123d336047e9897131eb752b10e/_Summary.md",
        "size": 669
      }
    },
    "public": true,
    "created_at": "2020-07-06T05:35:45Z",
    "updated_at": "2020-07-06T05:35:45Z",
    "description": "spystudio v2.9.2.20161106 - Failed - Package Tests Results",
    "comments": 0,
    "user": null,
    "comments_url": "https://api.github.com/gists/f3820d95c3c0f8e4face9802705cc367/comments",
    "owner": {
      "login": "choco-bot",
      "id": 6270979,
      "node_id": "MDQ6VXNlcjYyNzA5Nzk=",
      "avatar_url": "https://avatars2.githubusercontent.com/u/6270979?v=4",
      "gravatar_id": "",
      "url": "https://api.github.com/users/choco-bot",
      "html_url": "https://github.com/choco-bot",
      "followers_url": "https://api.github.com/users/choco-bot/followers",
      "following_url": "https://api.github.com/users/choco-bot/following{/other_user}",
      "gists_url": "https://api.github.com/users/choco-bot/gists{/gist_id}",
      "starred_url": "https://api.github.com/users/choco-bot/starred{/owner}{/repo}",
      "subscriptions_url": "https://api.github.com/users/choco-bot/subscriptions",
      "organizations_url": "https://api.github.com/users/choco-bot/orgs",
      "repos_url": "https://api.github.com/users/choco-bot/repos",
      "events_url": "https://api.github.com/users/choco-bot/events{/privacy}",
      "received_events_url": "https://api.github.com/users/choco-bot/received_events",
      "type": "User",
      "site_admin": false
    },
    "truncated": false
  },
  {
    "url": "https://api.github.com/gists/ab73310100818c2ad6d5aa99c9ebb58b",
    "forks_url": "https://api.github.com/gists/ab73310100818c2ad6d5aa99c9ebb58b/forks",
    "commits_url": "https://api.github.com/gists/ab73310100818c2ad6d5aa99c9ebb58b/commits",
    "id": "ab73310100818c2ad6d5aa99c9ebb58b",
    "node_id": "MDQ6R2lzdGFiNzMzMTAxMDA4MThjMmFkNmQ1YWE5OWM5ZWJiNThi",
    "git_pull_url": "https://gist.github.com/ab73310100818c2ad6d5aa99c9ebb58b.git",
    "git_push_url": "https://gist.github.com/ab73310100818c2ad6d5aa99c9ebb58b.git",
    "html_url": "https://gist.github.com/ab73310100818c2ad6d5aa99c9ebb58b",
    "files": {
      "FilesSnapshot.xml": {
        "filename": "FilesSnapshot.xml",
        "type": "application/xml",
        "language": "XML",
        "raw_url": "https://gist.githubusercontent.com/choco-bot/ab73310100818c2ad6d5aa99c9ebb58b/raw/b3e7411e904a59c596a43e51bcee4446a2c3a1b3/FilesSnapshot.xml",
        "size": 848
      },
      "Install.txt": {
        "filename": "Install.txt",
        "type": "text/plain",
        "language": "Text",
        "raw_url": "https://gist.githubusercontent.com/choco-bot/ab73310100818c2ad6d5aa99c9ebb58b/raw/4c65d8aad52619e209bdde8b88947943ea183816/Install.txt",
        "size": 40205
      },
      "Uninstall.txt": {
        "filename": "Uninstall.txt",
        "type": "text/plain",
        "language": "Text",
        "raw_url": "https://gist.githubusercontent.com/choco-bot/ab73310100818c2ad6d5aa99c9ebb58b/raw/ba41e8f606778e039ead6f5b70ab53d1b9704c74/Uninstall.txt",
        "size": 14474
      },
      "_Summary.md": {
        "filename": "_Summary.md",
        "type": "text/markdown",
        "language": "Markdown",
        "raw_url": "https://gist.githubusercontent.com/choco-bot/ab73310100818c2ad6d5aa99c9ebb58b/raw/657550e4862ba1998da35e870e6352f42d43b5d6/_Summary.md",
        "size": 452
      }
    },
    "public": true,
    "created_at": "2020-07-06T05:34:02Z",
    "updated_at": "2020-07-06T05:34:02Z",
    "description": "ChromeDriver2 v2.25 - Passed - Package Tests Results",
    "comments": 0,
    "user": null,
    "comments_url": "https://api.github.com/gists/ab73310100818c2ad6d5aa99c9ebb58b/comments",
    "owner": {
      "login": "choco-bot",
      "id": 6270979,
      "node_id": "MDQ6VXNlcjYyNzA5Nzk=",
      "avatar_url": "https://avatars2.githubusercontent.com/u/6270979?v=4",
      "gravatar_id": "",
      "url": "https://api.github.com/users/choco-bot",
      "html_url": "https://github.com/choco-bot",
      "followers_url": "https://api.github.com/users/choco-bot/followers",
      "following_url": "https://api.github.com/users/choco-bot/following{/other_user}",
      "gists_url": "https://api.github.com/users/choco-bot/gists{/gist_id}",
      "starred_url": "https://api.github.com/users/choco-bot/starred{/owner}{/repo}",
      "subscriptions_url": "https://api.github.com/users/choco-bot/subscriptions",
      "organizations_url": "https://api.github.com/users/choco-bot/orgs",
      "repos_url": "https://api.github.com/users/choco-bot/repos",
      "events_url": "https://api.github.com/users/choco-bot/events{/privacy}",
      "received_events_url": "https://api.github.com/users/choco-bot/received_events",
      "type": "User",
      "site_admin": false
    },
    "truncated": false
  },
  {
    "url": "https://api.github.com/gists/3d7d3e7a0f2fadd1c2ce6e126d8dcec4",
    "forks_url": "https://api.github.com/gists/3d7d3e7a0f2fadd1c2ce6e126d8dcec4/forks",
    "commits_url": "https://api.github.com/gists/3d7d3e7a0f2fadd1c2ce6e126d8dcec4/commits",
    "id": "3d7d3e7a0f2fadd1c2ce6e126d8dcec4",
    "node_id": "MDQ6R2lzdDNkN2QzZTdhMGYyZmFkZDFjMmNlNmUxMjZkOGRjZWM0",
    "git_pull_url": "https://gist.github.com/3d7d3e7a0f2fadd1c2ce6e126d8dcec4.git",
    "git_push_url": "https://gist.github.com/3d7d3e7a0f2fadd1c2ce6e126d8dcec4.git",
    "html_url": "https://gist.github.com/3d7d3e7a0f2fadd1c2ce6e126d8dcec4",
    "files": {
      "quantity-limit-per-day-per-slot.php": {
        "filename": "quantity-limit-per-day-per-slot.php",
        "type": "application/x-httpd-php",
        "language": "PHP",
        "raw_url": "https://gist.githubusercontent.com/rajeshsingh520/3d7d3e7a0f2fadd1c2ce6e126d8dcec4/raw/199409a749485a93d06aefdbe26117595c4b6e33/quantity-limit-per-day-per-slot.php",
        "size": 2731
      }
    },
    "public": true,
    "created_at": "2020-07-06T05:34:00Z",
    "updated_at": "2020-07-06T05:34:01Z",
    "description": "total quantity that can be ordered per day per time slot per day it is 15 and per slot it is 5",
    "comments": 0,
    "user": null,
    "comments_url": "https://api.github.com/gists/3d7d3e7a0f2fadd1c2ce6e126d8dcec4/comments",
    "owner": {
      "login": "rajeshsingh520",
      "id": 2164574,
      "node_id": "MDQ6VXNlcjIxNjQ1NzQ=",
      "avatar_url": "https://avatars3.githubusercontent.com/u/2164574?v=4",
      "gravatar_id": "",
      "url": "https://api.github.com/users/rajeshsingh520",
      "html_url": "https://github.com/rajeshsingh520",
      "followers_url": "https://api.github.com/users/rajeshsingh520/followers",
      "following_url": "https://api.github.com/users/rajeshsingh520/following{/other_user}",
      "gists_url": "https://api.github.com/users/rajeshsingh520/gists{/gist_id}",
      "starred_url": "https://api.github.com/users/rajeshsingh520/starred{/owner}{/repo}",
      "subscriptions_url": "https://api.github.com/users/rajeshsingh520/subscriptions",
      "organizations_url": "https://api.github.com/users/rajeshsingh520/orgs",
      "repos_url": "https://api.github.com/users/rajeshsingh520/repos",
      "events_url": "https://api.github.com/users/rajeshsingh520/events{/privacy}",
      "received_events_url": "https://api.github.com/users/rajeshsingh520/received_events",
      "type": "User",
      "site_admin": false
    },
    "truncated": false
  },
  {
    "url": "https://api.github.com/gists/09f57ee5b99a9746cc992d08e2a0adb9",
    "forks_url": "https://api.github.com/gists/09f57ee5b99a9746cc992d08e2a0adb9/forks",
    "commits_url": "https://api.github.com/gists/09f57ee5b99a9746cc992d08e2a0adb9/commits",
    "id": "09f57ee5b99a9746cc992d08e2a0adb9",
    "node_id": "MDQ6R2lzdDA5ZjU3ZWU1Yjk5YTk3NDZjYzk5MmQwOGUyYTBhZGI5",
    "git_pull_url": "https://gist.github.com/09f57ee5b99a9746cc992d08e2a0adb9.git",
    "git_push_url": "https://gist.github.com/09f57ee5b99a9746cc992d08e2a0adb9.git",
    "html_url": "https://gist.github.com/09f57ee5b99a9746cc992d08e2a0adb9",
    "files": {
      "insert outbox.sql": {
        "filename": "insert outbox.sql",
        "type": "application/x-sql",
        "language": "SQL",
        "raw_url": "https://gist.githubusercontent.com/oqhadev/09f57ee5b99a9746cc992d08e2a0adb9/raw/702426a360df1aeb6140dfdd9346d97ac1efbdc9/insert%20outbox.sql",
        "size": 200
      }
    },
    "public": true,
    "created_at": "2020-07-06T05:33:41Z",
    "updated_at": "2020-07-06T05:33:42Z",
    "description": "",
    "comments": 0,
    "user": null,
    "comments_url": "https://api.github.com/gists/09f57ee5b99a9746cc992d08e2a0adb9/comments",
    "owner": {
      "login": "oqhadev",
      "id": 23143339,
      "node_id": "MDQ6VXNlcjIzMTQzMzM5",
      "avatar_url": "https://avatars1.githubusercontent.com/u/23143339?v=4",
      "gravatar_id": "",
      "url": "https://api.github.com/users/oqhadev",
      "html_url": "https://github.com/oqhadev",
      "followers_url": "https://api.github.com/users/oqhadev/followers",
      "following_url": "https://api.github.com/users/oqhadev/following{/other_user}",
      "gists_url": "https://api.github.com/users/oqhadev/gists{/gist_id}",
      "starred_url": "https://api.github.com/users/oqhadev/starred{/owner}{/repo}",
      "subscriptions_url": "https://api.github.com/users/oqhadev/subscriptions",
      "organizations_url": "https://api.github.com/users/oqhadev/orgs",
      "repos_url": "https://api.github.com/users/oqhadev/repos",
      "events_url": "https://api.github.com/users/oqhadev/events{/privacy}",
      "received_events_url": "https://api.github.com/users/oqhadev/received_events",
      "type": "User",
      "site_admin": false
    },
    "truncated": false
  },
  {
    "url": "https://api.github.com/gists/5c34d513db25fc5d76b39c4c25d14df0",
    "forks_url": "https://api.github.com/gists/5c34d513db25fc5d76b39c4c25d14df0/forks",
    "commits_url": "https://api.github.com/gists/5c34d513db25fc5d76b39c4c25d14df0/commits",
    "id": "5c34d513db25fc5d76b39c4c25d14df0",
    "node_id": "MDQ6R2lzdDVjMzRkNTEzZGIyNWZjNWQ3NmIzOWM0YzI1ZDE0ZGYw",
    "git_pull_url": "https://gist.github.com/5c34d513db25fc5d76b39c4c25d14df0.git",
    "git_push_url": "https://gist.github.com/5c34d513db25fc5d76b39c4c25d14df0.git",
    "html_url": "https://gist.github.com/5c34d513db25fc5d76b39c4c25d14df0",
    "files": {
      "UIFont+Extension.swift": {
        "filename": "UIFont+Extension.swift",
        "type": "text/plain",
        "language": "Swift",
        "raw_url": "https://gist.githubusercontent.com/RustemAqtau/5c34d513db25fc5d76b39c4c25d14df0/raw/75f8ce157aee9a0c2ae94fcb9a4b8784a5ef47f1/UIFont%2BExtension.swift",
        "size": 202
      }
    },
    "public": true,
    "created_at": "2020-07-06T05:32:17Z",
    "updated_at": "2020-07-06T05:32:17Z",
    "description": "UIFont Extension",
    "comments": 0,
    "user": null,
    "comments_url": "https://api.github.com/gists/5c34d513db25fc5d76b39c4c25d14df0/comments",
    "owner": {
      "login": "RustemAqtau",
      "id": 10935555,
      "node_id": "MDQ6VXNlcjEwOTM1NTU1",
      "avatar_url": "https://avatars0.githubusercontent.com/u/10935555?v=4",
      "gravatar_id": "",
      "url": "https://api.github.com/users/RustemAqtau",
      "html_url": "https://github.com/RustemAqtau",
      "followers_url": "https://api.github.com/users/RustemAqtau/followers",
      "following_url": "https://api.github.com/users/RustemAqtau/following{/other_user}",
      "gists_url": "https://api.github.com/users/RustemAqtau/gists{/gist_id}",
      "starred_url": "https://api.github.com/users/RustemAqtau/starred{/owner}{/repo}",
      "subscriptions_url": "https://api.github.com/users/RustemAqtau/subscriptions",
      "organizations_url": "https://api.github.com/users/RustemAqtau/orgs",
      "repos_url": "https://api.github.com/users/RustemAqtau/repos",
      "events_url": "https://api.github.com/users/RustemAqtau/events{/privacy}",
      "received_events_url": "https://api.github.com/users/RustemAqtau/received_events",
      "type": "User",
      "site_admin": false
    },
    "truncated": false
  },
  {
    "url": "https://api.github.com/gists/4e355f040375486fb88d5542b4280dab",
    "forks_url": "https://api.github.com/gists/4e355f040375486fb88d5542b4280dab/forks",
    "commits_url": "https://api.github.com/gists/4e355f040375486fb88d5542b4280dab/commits",
    "id": "4e355f040375486fb88d5542b4280dab",
    "node_id": "MDQ6R2lzdDRlMzU1ZjA0MDM3NTQ4NmZiODhkNTU0MmI0MjgwZGFi",
    "git_pull_url": "https://gist.github.com/4e355f040375486fb88d5542b4280dab.git",
    "git_push_url": "https://gist.github.com/4e355f040375486fb88d5542b4280dab.git",
    "html_url": "https://gist.github.com/4e355f040375486fb88d5542b4280dab",
    "files": {
      "main.py": {
        "filename": "main.py",
        "type": "application/x-python",
        "language": "Python",
        "raw_url": "https://gist.githubusercontent.com/rupython/4e355f040375486fb88d5542b4280dab/raw/8a573eecbecf0c6ab4d7b9b4d642737bb3acccf6/main.py",
        "size": 1404
      }
    },
    "public": true,
    "created_at": "2020-07-06T05:32:07Z",
    "updated_at": "2020-07-06T05:32:08Z",
    "description": "From: peach",
    "comments": 0,
    "user": null,
    "comments_url": "https://api.github.com/gists/4e355f040375486fb88d5542b4280dab/comments",
    "owner": {
      "login": "rupython",
      "id": 47101058,
      "node_id": "MDQ6VXNlcjQ3MTAxMDU4",
      "avatar_url": "https://avatars2.githubusercontent.com/u/47101058?v=4",
      "gravatar_id": "",
      "url": "https://api.github.com/users/rupython",
      "html_url": "https://github.com/rupython",
      "followers_url": "https://api.github.com/users/rupython/followers",
      "following_url": "https://api.github.com/users/rupython/following{/other_user}",
      "gists_url": "https://api.github.com/users/rupython/gists{/gist_id}",
      "starred_url": "https://api.github.com/users/rupython/starred{/owner}{/repo}",
      "subscriptions_url": "https://api.github.com/users/rupython/subscriptions",
      "organizations_url": "https://api.github.com/users/rupython/orgs",
      "repos_url": "https://api.github.com/users/rupython/repos",
      "events_url": "https://api.github.com/users/rupython/events{/privacy}",
      "received_events_url": "https://api.github.com/users/rupython/received_events",
      "type": "User",
      "site_admin": false
    },
    "truncated": false
  },
  {
    "url": "https://api.github.com/gists/dca965226148dfd19d5e4d7f3d4600c5",
    "forks_url": "https://api.github.com/gists/dca965226148dfd19d5e4d7f3d4600c5/forks",
    "commits_url": "https://api.github.com/gists/dca965226148dfd19d5e4d7f3d4600c5/commits",
    "id": "dca965226148dfd19d5e4d7f3d4600c5",
    "node_id": "MDQ6R2lzdGRjYTk2NTIyNjE0OGRmZDE5ZDVlNGQ3ZjNkNDYwMGM1",
    "git_pull_url": "https://gist.github.com/dca965226148dfd19d5e4d7f3d4600c5.git",
    "git_push_url": "https://gist.github.com/dca965226148dfd19d5e4d7f3d4600c5.git",
    "html_url": "https://gist.github.com/dca965226148dfd19d5e4d7f3d4600c5",
    "files": {
      "gistfile1.txt": {
        "filename": "gistfile1.txt",
        "type": "text/plain",
        "language": "Text",
        "raw_url": "https://gist.githubusercontent.com/mchampine/dca965226148dfd19d5e4d7f3d4600c5/raw/55fc1bfdbe1b4515c8d7c7328d2f26b5e94ded80/gistfile1.txt",
        "size": 8978
      }
    },
    "public": true,
    "created_at": "2020-07-06T05:31:38Z",
    "updated_at": "2020-07-06T05:31:39Z",
    "description": "Poker Hand Scoring in Clojure",
    "comments": 0,
    "user": null,
    "comments_url": "https://api.github.com/gists/dca965226148dfd19d5e4d7f3d4600c5/comments",
    "owner": {
      "login": "mchampine",
      "id": 213030,
      "node_id": "MDQ6VXNlcjIxMzAzMA==",
      "avatar_url": "https://avatars0.githubusercontent.com/u/213030?v=4",
      "gravatar_id": "",
      "url": "https://api.github.com/users/mchampine",
      "html_url": "https://github.com/mchampine",
      "followers_url": "https://api.github.com/users/mchampine/followers",
      "following_url": "https://api.github.com/users/mchampine/following{/other_user}",
      "gists_url": "https://api.github.com/users/mchampine/gists{/gist_id}",
      "starred_url": "https://api.github.com/users/mchampine/starred{/owner}{/repo}",
      "subscriptions_url": "https://api.github.com/users/mchampine/subscriptions",
      "organizations_url": "https://api.github.com/users/mchampine/orgs",
      "repos_url": "https://api.github.com/users/mchampine/repos",
      "events_url": "https://api.github.com/users/mchampine/events{/privacy}",
      "received_events_url": "https://api.github.com/users/mchampine/received_events",
      "type": "User",
      "site_admin": false
    },
    "truncated": false
  }
]
