{
  "meta" : {
    "view" : {
      "id" : "usep-nua7",
      "name" : "Sample DataSet",
      "averageRating" : 0,
      "createdAt" : 1420748479,
      "description" : "For testing purposes only",
      "displayType" : "table",
      "downloadCount" : 25266,
      "hideFromCatalog" : false,
      "hideFromDataJson" : false,
      "indexUpdatedAt" : 1420751985,
      "newBackend" : true,
      "numberOfComments" : 0,
      "oid" : 9864902,
      "provenance" : "official",
      "publicationAppendEnabled" : false,
      "publicationDate" : 1420749334,
      "publicationGroup" : 2080751,
      "publicationStage" : "published",
      "rowsUpdatedAt" : 1420749245,
      "rowsUpdatedBy" : "nczc-usar",
      "tableId" : 2080798,
      "totalTimesRated" : 0,
      "viewCount" : 550,
      "viewLastModified" : 1420751956,
      "viewType" : "tabular",
      "approvals" : [ {
        "reviewedAt" : 1420751954,
        "reviewedAutomatically" : true,
        "state" : "approved",
        "submissionId" : 806720,
        "submissionObject" : "public_audience_request",
        "submissionOutcome" : "change_audience",
        "submittedAt" : 1420751954,
        "workflowId" : 2182,
        "submissionDetails" : {
          "permissionType" : "READ"
        },
        "submissionOutcomeApplication" : {
          "failureCount" : 0,
          "status" : "success"
        },
        "submitter" : {
          "id" : "nczc-usar",
          "displayName" : "Darryl Lajola"
        }
      } ],
      "columns" : [ {
        "id" : -1,
        "name" : "sid",
        "dataTypeName" : "meta_data",
        "fieldName" : ":sid",
        "position" : 0,
        "renderTypeName" : "meta_data",
        "format" : { },
        "flags" : [ "hidden" ]
      }, {
        "id" : -1,
        "name" : "id",
        "dataTypeName" : "meta_data",
        "fieldName" : ":id",
        "position" : 0,
        "renderTypeName" : "meta_data",
        "format" : { },
        "flags" : [ "hidden" ]
      }, {
        "id" : -1,
        "name" : "position",
        "dataTypeName" : "meta_data",
        "fieldName" : ":position",
        "position" : 0,
        "renderTypeName" : "meta_data",
        "format" : { },
        "flags" : [ "hidden" ]
      }, {
        "id" : -1,
        "name" : "created_at",
        "dataTypeName" : "meta_data",
        "fieldName" : ":created_at",
        "position" : 0,
        "renderTypeName" : "meta_data",
        "format" : { },
        "flags" : [ "hidden" ]
      }, {
        "id" : -1,
        "name" : "created_meta",
        "dataTypeName" : "meta_data",
        "fieldName" : ":created_meta",
        "position" : 0,
        "renderTypeName" : "meta_data",
        "format" : { },
        "flags" : [ "hidden" ]
      }, {
        "id" : -1,
        "name" : "updated_at",
        "dataTypeName" : "meta_data",
        "fieldName" : ":updated_at",
        "position" : 0,
        "renderTypeName" : "meta_data",
        "format" : { },
        "flags" : [ "hidden" ]
      }, {
        "id" : -1,
        "name" : "updated_meta",
        "dataTypeName" : "meta_data",
        "fieldName" : ":updated_meta",
        "position" : 0,
        "renderTypeName" : "meta_data",
        "format" : { },
        "flags" : [ "hidden" ]
      }, {
        "id" : -1,
        "name" : "meta",
        "dataTypeName" : "meta_data",
        "fieldName" : ":meta",
        "position" : 0,
        "renderTypeName" : "meta_data",
        "format" : { },
        "flags" : [ "hidden" ]
      }, {
        "id" : 183656833,
        "name" : "FISCAL YEAR",
        "dataTypeName" : "text",
        "fieldName" : "fiscal_year",
        "position" : 2,
        "rdfProperties" : "",
        "renderTypeName" : "text",
        "tableColumnId" : 23866869,
        "width" : 232,
        "cachedContents" : {
          "non_null" : 42,
          "largest" : "2015",
          "null" : 0,
          "top" : [ {
            "item" : "2015",
            "count" : 20
          } ],
          "smallest" : "2015"
        },
        "format" : {
          "precisionStyle" : "standard",
          "rdf" : "",
          "noCommas" : "false",
          "align" : "right"
        }
      }, {
        "id" : 183656834,
        "name" : "SERVICE",
        "dataTypeName" : "text",
        "fieldName" : "service",
        "position" : 3,
        "renderTypeName" : "text",
        "tableColumnId" : 23866870,
        "width" : 184,
        "cachedContents" : {
          "non_null" : 42,
          "largest" : "PLANT PEST AND DISEASE CONTROL",
          "null" : 0,
          "top" : [ {
            "item" : "FINANCIAL ASSISTANCE FOR AGRICULTURE",
            "count" : 20
          }, {
            "item" : "PLANT PEST AND DISEASE CONTROL",
            "count" : 19
          }, {
            "item" : "ANIMAL QUARANTINE",
            "count" : 18
          }, {
            "item" : "ANIMAL DISEASE CONTROL",
            "count" : 17
          }, {
            "item" : "AGRICULTURAL RESOURCE MANAGEMENT",
            "count" : 16
          }, {
            "item" : "MKG INFO & DISTRIB SYSTEMS IMPROVEMT FOR AGR",
            "count" : 15
          }, {
            "item" : "AQUACULTURE DEVELOPMENT",
            "count" : 14
          }, {
            "item" : "AGRIBUSINESS DEVELOPMENT & RESEARCH",
            "count" : 13
          }, {
            "item" : "AGRICULTURAL DEVELOPMENT & MARKETING",
            "count" : 12
          }, {
            "item" : "GENERAL ADMINISTRATION FOR AGR",
            "count" : 11
          }, {
            "item" : "MEASUREMENT STANDARDS",
            "count" : 10
          }, {
            "item" : "PESTICIDES",
            "count" : 9
          } ],
          "smallest" : "AGRIBUSINESS DEVELOPMENT & RESEARCH"
        },
        "format" : { }
      }, {
        "id" : 183656835,
        "name" : "DEPARTMENT",
        "dataTypeName" : "text",
        "fieldName" : "department",
        "position" : 4,
        "renderTypeName" : "text",
        "tableColumnId" : 23866871,
        "width" : 220,
        "cachedContents" : {
          "non_null" : 42,
          "largest" : "PLANT PEST AND DISEASE CONTROL",
          "null" : 0,
          "top" : [ {
            "item" : "FINANCIAL ASSISTANCE FOR AGRICULTURE",
            "count" : 20
          }, {
            "item" : "PLANT PEST AND DISEASE CONTROL",
            "count" : 19
          }, {
            "item" : "ANIMAL QUARANTINE",
            "count" : 18
          }, {
            "item" : "ANIMAL DISEASE CONTROL",
            "count" : 17
          }, {
            "item" : "AGRICULTURAL RESOURCE MANAGEMENT",
            "count" : 16
          }, {
            "item" : "MKG INFO & DISTRIB SYSTEMS IMPROVEMT FOR AGR",
            "count" : 15
          }, {
            "item" : "AQUACULTURE DEVELOPMENT",
            "count" : 14
          }, {
            "item" : "AGRIBUSINESS DEVELOPMENT & RESEARCH",
            "count" : 13
          }, {
            "item" : "AGRICULTURAL DEVELOPMENT & MARKETING",
            "count" : 12
          }, {
            "item" : "GENERAL ADMINISTRATION FOR AGR",
            "count" : 11
          }, {
            "item" : "MEASUREMENT STANDARDS",
            "count" : 10
          }, {
            "item" : "PESTICIDES",
            "count" : 9
          } ],
          "smallest" : "AGRIBUSINESS DEVELOPMENT & RESEARCH"
        },
        "format" : { }
      }, {
        "id" : 183656836,
        "name" : "PROGRAM",
        "dataTypeName" : "text",
        "fieldName" : "program",
        "position" : 5,
        "renderTypeName" : "text",
        "tableColumnId" : 23866872,
        "width" : 184,
        "cachedContents" : {
          "non_null" : 42,
          "largest" : "WAIAHOLE WATER SYSTEM",
          "null" : 0,
          "top" : [ {
            "item" : "AGRICULTURAL LOAN DIVISION",
            "count" : 20
          }, {
            "item" : "PLANT QUARANTINE BRANCH",
            "count" : 19
          }, {
            "item" : "PLANT PEST CONTROL BRANCH - BIOCONTROL",
            "count" : 18
          }, {
            "item" : "PLANT PEST CONTROL BRANCH - CHEM / MECH",
            "count" : 17
          }, {
            "item" : "INSPECTION & QUARANTINE BRANCH",
            "count" : 16
          }, {
            "item" : "ANIMAL INDUSTRY DIVISION ADMINISTRATION",
            "count" : 15
          }, {
            "item" : "LIVESTOCK DISEASE CONTROL BRANCH",
            "count" : 14
          }, {
            "item" : "AGRICULTURAL RESOURCE MANAGEMENT DIVISION",
            "count" : 13
          }, {
            "item" : "COMMODITIES BRANCH",
            "count" : 12
          }, {
            "item" : "COMMODITIES BRANCH - MILK CONTROL",
            "count" : 11
          }, {
            "item" : "AQUACULTURE DEVELOPMENT PROGRAM",
            "count" : 10
          }, {
            "item" : "AGRIBUSINESS DEVELOPMENT CORP.",
            "count" : 9
          }, {
            "item" : "WAIAHOLE WATER SYSTEM",
            "count" : 8
          }, {
            "item" : "HAWAII AGRICULTURAL STATISTICAL SERVICES BR.",
            "count" : 7
          }, {
            "item" : "MARKET DEVELOPMENT BRANCH",
            "count" : 6
          }, {
            "item" : "DEPARTMENTAL ADMINISTRATION",
            "count" : 5
          }, {
            "item" : "MEASUREMENT STANDARDS BRANCH",
            "count" : 4
          }, {
            "item" : "PESTICIDE BRANCH",
            "count" : 3
          } ],
          "smallest" : "AGRIBUSINESS DEVELOPMENT CORP."
        },
        "format" : { }
      }, {
        "id" : 183656837,
        "name" : "EXPENSE CATEGORY",
        "dataTypeName" : "text",
        "fieldName" : "expense_category",
        "position" : 6,
        "renderTypeName" : "text",
        "tableColumnId" : 23866873,
        "width" : 292,
        "cachedContents" : {
          "non_null" : 42,
          "largest" : "OTHER CURRENT EXPENSES",
          "null" : 0,
          "top" : [ {
            "item" : "OTHER CURRENT EXPENSES",
            "count" : 20
          } ],
          "smallest" : "OTHER CURRENT EXPENSES"
        },
        "format" : { }
      }, {
        "id" : 183656838,
        "name" : "RECEIVED AMOUNT",
        "dataTypeName" : "text",
        "fieldName" : "received_amount",
        "position" : 7,
        "renderTypeName" : "text",
        "tableColumnId" : 23866874,
        "width" : 280,
        "cachedContents" : {
          "non_null" : 0,
          "null" : 42
        },
        "format" : { }
      }, {
        "id" : 183656839,
        "name" : "APPROVED AMOUNT",
        "dataTypeName" : "number",
        "fieldName" : "approved_amount",
        "position" : 8,
        "renderTypeName" : "number",
        "tableColumnId" : 23866875,
        "width" : 280,
        "cachedContents" : {
          "non_null" : 42,
          "average" : "3571.428571428571",
          "largest" : "35000.00",
          "null" : 0,
          "top" : [ {
            "item" : "0.00",
            "count" : 20
          }, {
            "item" : "35000.00",
            "count" : 19
          }, {
            "item" : "25000.00",
            "count" : 18
          }, {
            "item" : "30000.00",
            "count" : 17
          } ],
          "smallest" : "0.00",
          "sum" : "150000.00"
        },
        "format" : {
          "precisionStyle" : "currency",
          "currencyStyle" : "USD",
          "precision" : "2"
        }
      }, {
        "id" : 183656840,
        "name" : "FUND",
        "dataTypeName" : "text",
        "fieldName" : "fund",
        "position" : 9,
        "renderTypeName" : "text",
        "tableColumnId" : 23866876,
        "width" : 148,
        "cachedContents" : {
          "non_null" : 42,
          "largest" : "SPECIAL FUND",
          "null" : 0,
          "top" : [ {
            "item" : "SPECIAL FUND",
            "count" : 20
          }, {
            "item" : "GENERAL FUND",
            "count" : 19
          }, {
            "item" : "FEDERAL FUNDS",
            "count" : 18
          }, {
            "item" : "REVOLVING FUNDS",
            "count" : 17
          } ],
          "smallest" : "FEDERAL FUNDS"
        },
        "format" : { }
      }, {
        "id" : 183656841,
        "name" : "FUND TYPE",
        "dataTypeName" : "text",
        "fieldName" : "fund_type",
        "position" : 10,
        "renderTypeName" : "text",
        "tableColumnId" : 23866877,
        "width" : 208,
        "cachedContents" : {
          "non_null" : 0,
          "null" : 42
        },
        "format" : { }
      }, {
        "id" : 183656842,
        "name" : "DESCRIPTION",
        "dataTypeName" : "text",
        "fieldName" : "description",
        "position" : 11,
        "renderTypeName" : "text",
        "tableColumnId" : 23866878,
        "width" : 232,
        "cachedContents" : {
          "non_null" : 42,
          "largest" : "VEHICLES",
          "null" : 0,
          "top" : [ {
            "item" : "VEHICLE",
            "count" : 20
          }, {
            "item" : "VEHICLES",
            "count" : 19
          }, {
            "item" : "SPORT UTILITY VEHICLE, 4WD",
            "count" : 18
          }, {
            "item" : "VAN",
            "count" : 17
          }, {
            "item" : "CARGO VAN, 1-TON",
            "count" : 16
          }, {
            "item" : "SEDAN, INTERMEDIATE",
            "count" : 15
          }, {
            "item" : "MOTOR VEHICLE",
            "count" : 14
          }, {
            "item" : "SUV- 4WD",
            "count" : 13
          }, {
            "item" : "PICK-UP, 4X4",
            "count" : 12
          }, {
            "item" : "PICK-UP TRUCK",
            "count" : 11
          }, {
            "item" : "SEDAN, COMPACT",
            "count" : 10
          }, {
            "item" : "SPORTS UTILITY, COMPACT",
            "count" : 9
          } ],
          "smallest" : "CARGO VAN, 1-TON"
        },
        "format" : { }
      } ],
      "grants" : [ {
        "inherited" : false,
        "type" : "viewer",
        "flags" : [ "public" ]
      } ],
      "metadata" : {
        "custom_fields" : {
          "Data Reference" : {
            "Reference for Technical Information" : "",
            "Frequency" : "",
            "Date Updated" : "",
            "Date Released" : "",
            "Period of Coverage" : "",
            "Unit of Analysis" : "",
            "Data dictionary/variable list" : ""
          },
          "Hawaii Line of Business" : {
            "Division name" : "",
            "Line of Business" : "",
            "Division shortname, acronym" : "",
            "Department Agency short name, acronym" : "",
            "State of Hawaii Data Book Category" : "",
            "Department/Agency" : ""
          },
          "Terms of Use Acknowledgement" : {
            "I agree by uploading this dataset that it contains no private information, and adheres to the data.hawaii.gov terms of use." : "yes"
          }
        },
        "availableDisplayTypes" : [ "table", "fatrow", "page" ],
        "renderTypeConfig" : {
          "visible" : {
            "table" : true
          }
        }
      },
      "owner" : {
        "id" : "nczc-usar",
        "displayName" : "Darryl Lajola",
        "screenName" : "Darryl Lajola",
        "type" : "interactive",
        "userSegment" : "site_member",
        "flags" : [ "mayBeStoriesCoOwner" ]
      },
      "query" : { },
      "rights" : [ "read" ],
      "tableAuthor" : {
        "id" : "nczc-usar",
        "displayName" : "Darryl Lajola",
        "screenName" : "Darryl Lajola",
        "type" : "interactive",
        "userSegment" : "site_member",
        "flags" : [ "mayBeStoriesCoOwner" ]
      },
      "flags" : [ "default", "restorable", "restorePossibleForType" ]
    }
  },
  "data" : [ [ "row-mfpy.gr8q.cpii", "00000000-0000-0000-9BCA-A8F3F8EB7F2F", 0, 1541631506, null, 1541631506, null, "{ }", "2015", "FINANCIAL ASSISTANCE FOR AGRICULTURE", "FINANCIAL ASSISTANCE FOR AGRICULTURE", "AGRICULTURAL LOAN DIVISION", "OTHER CURRENT EXPENSES", null, "0.00", "SPECIAL FUND", null, "VEHICLE" ]
, [ "row-nxur_rd7v-f9af", "00000000-0000-0000-D041-27F9EF1551D6", 0, 1541631506, null, 1541631506, null, "{ }", "2015", "PLANT PEST AND DISEASE CONTROL", "PLANT PEST AND DISEASE CONTROL", "PLANT QUARANTINE BRANCH", "OTHER CURRENT EXPENSES", null, "0.00", "GENERAL FUND", null, "VEHICLES" ]
, [ "row-jbz7~6y43-jzvn", "00000000-0000-0000-843A-4C2E44AED8C4", 0, 1541631506, null, 1541631506, null, "{ }", "2015", "PLANT PEST AND DISEASE CONTROL", "PLANT PEST AND DISEASE CONTROL", "PLANT QUARANTINE BRANCH", "OTHER CURRENT EXPENSES", null, "0.00", "GENERAL FUND", null, "VEHICLE" ]
, [ "row-jv75.dgib_rv8w", "00000000-0000-0000-AFFB-6A20BDA58C34", 0, 1541631506, null, 1541631506, null, "{ }", "2015", "PLANT PEST AND DISEASE CONTROL", "PLANT PEST AND DISEASE CONTROL", "PLANT QUARANTINE BRANCH", "OTHER CURRENT EXPENSES", null, "0.00", "GENERAL FUND", null, "VEHICLE" ]
, [ "row-wbp7.8mza-jygc", "00000000-0000-0000-E7B5-F606CDA5B4AE", 0, 1541631506, null, 1541631506, null, "{ }", "2015", "PLANT PEST AND DISEASE CONTROL", "PLANT PEST AND DISEASE CONTROL", "PLANT QUARANTINE BRANCH", "OTHER CURRENT EXPENSES", null, "0.00", "GENERAL FUND", null, "SPORT UTILITY VEHICLE, 4WD" ]
, [ "row-3s2a_mja5_zp7j", "00000000-0000-0000-9882-F6F644BAACA0", 0, 1541631506, null, 1541631506, null, "{ }", "2015", "PLANT PEST AND DISEASE CONTROL", "PLANT PEST AND DISEASE CONTROL", "PLANT QUARANTINE BRANCH", "OTHER CURRENT EXPENSES", null, "0.00", "GENERAL FUND", null, "SPORT UTILITY VEHICLE, 4WD" ]
, [ "row-8qgm~j8zw_7s8z", "00000000-0000-0000-98B8-2CA55181A33A", 0, 1541631506, null, 1541631506, null, "{ }", "2015", "PLANT PEST AND DISEASE CONTROL", "PLANT PEST AND DISEASE CONTROL", "PLANT QUARANTINE BRANCH", "OTHER CURRENT EXPENSES", null, "0.00", "GENERAL FUND", null, "SPORT UTILITY VEHICLE, 4WD" ]
, [ "row-66u3~yqye.cw8e", "00000000-0000-0000-5958-F66D3EC33EB1", 0, 1541631506, null, 1541631506, null, "{ }", "2015", "PLANT PEST AND DISEASE CONTROL", "PLANT PEST AND DISEASE CONTROL", "PLANT QUARANTINE BRANCH", "OTHER CURRENT EXPENSES", null, "0.00", "GENERAL FUND", null, "VAN" ]
, [ "row-egs4_vr44~xegd", "00000000-0000-0000-2971-7BB85E45BB84", 0, 1541631506, null, 1541631506, null, "{ }", "2015", "PLANT PEST AND DISEASE CONTROL", "PLANT PEST AND DISEASE CONTROL", "PLANT QUARANTINE BRANCH", "OTHER CURRENT EXPENSES", null, "0.00", "GENERAL FUND", null, "VAN" ]
, [ "row-h3gx-d64k~n52g", "00000000-0000-0000-C8A6-FE5222EBB789", 0, 1541631506, null, 1541631506, null, "{ }", "2015", "PLANT PEST AND DISEASE CONTROL", "PLANT PEST AND DISEASE CONTROL", "PLANT PEST CONTROL BRANCH - BIOCONTROL", "OTHER CURRENT EXPENSES", null, "0.00", "GENERAL FUND", null, "VEHICLE" ]
, [ "row-9hip~nyfv.bavj", "00000000-0000-0000-9B52-5A8CAF0B4168", 0, 1541631506, null, 1541631506, null, "{ }", "2015", "PLANT PEST AND DISEASE CONTROL", "PLANT PEST AND DISEASE CONTROL", "PLANT PEST CONTROL BRANCH - BIOCONTROL", "OTHER CURRENT EXPENSES", null, "0.00", "FEDERAL FUNDS", null, "VEHICLE" ]
, [ "row-pnh7~a8it.hs2m", "00000000-0000-0000-8044-44566BAE1F4D", 0, 1541631506, null, 1541631506, null, "{ }", "2015", "PLANT PEST AND DISEASE CONTROL", "PLANT PEST AND DISEASE CONTROL", "PLANT PEST CONTROL BRANCH - BIOCONTROL", "OTHER CURRENT EXPENSES", null, "0.00", "GENERAL FUND", null, "VEHICLE" ]
, [ "row-bcpm_avnm~rzup", "00000000-0000-0000-EDF7-78BC3A84A0A5", 0, 1541631506, null, 1541631506, null, "{ }", "2015", "PLANT PEST AND DISEASE CONTROL", "PLANT PEST AND DISEASE CONTROL", "PLANT PEST CONTROL BRANCH - CHEM / MECH", "OTHER CURRENT EXPENSES", null, "0.00", "GENERAL FUND", null, "VEHICLE" ]
, [ "row-yya5-qykb.a366", "00000000-0000-0000-F25E-38929A24FACA", 0, 1541631506, null, 1541631506, null, "{ }", "2015", "ANIMAL QUARANTINE", "ANIMAL QUARANTINE", "INSPECTION & QUARANTINE BRANCH", "OTHER CURRENT EXPENSES", null, "0.00", "SPECIAL FUND", null, "CARGO VAN, 1-TON" ]
, [ "row-hrqn-xktw.42kb", "00000000-0000-0000-8722-DB012BA768DF", 0, 1541631506, null, 1541631506, null, "{ }", "2015", "ANIMAL QUARANTINE", "ANIMAL QUARANTINE", "INSPECTION & QUARANTINE BRANCH", "OTHER CURRENT EXPENSES", null, "0.00", "SPECIAL FUND", null, "SEDAN, INTERMEDIATE" ]
, [ "row-f4a7-9tc2_h5xv", "00000000-0000-0000-8AE3-36B692833684", 0, 1541631506, null, 1541631506, null, "{ }", "2015", "ANIMAL DISEASE CONTROL", "ANIMAL DISEASE CONTROL", "ANIMAL INDUSTRY DIVISION ADMINISTRATION", "OTHER CURRENT EXPENSES", null, "0.00", "GENERAL FUND", null, "VEHICLE" ]
, [ "row-5vkr_r35j.ahtj", "00000000-0000-0000-EACC-10FE013BC6F1", 0, 1541631506, null, 1541631506, null, "{ }", "2015", "ANIMAL DISEASE CONTROL", "ANIMAL DISEASE CONTROL", "LIVESTOCK DISEASE CONTROL BRANCH", "OTHER CURRENT EXPENSES", null, "0.00", "GENERAL FUND", null, "VEHICLE" ]
, [ "row-ak3a.epqi-t35u", "00000000-0000-0000-6A70-0FE86978BF31", 0, 1541631506, null, 1541631506, null, "{ }", "2015", "ANIMAL DISEASE CONTROL", "ANIMAL DISEASE CONTROL", "LIVESTOCK DISEASE CONTROL BRANCH", "OTHER CURRENT EXPENSES", null, "0.00", "FEDERAL FUNDS", null, "MOTOR VEHICLE" ]
, [ "row-pbwr_afvs.zkdu", "00000000-0000-0000-C066-ECFC6E482C49", 0, 1541631506, null, 1541631506, null, "{ }", "2015", "ANIMAL DISEASE CONTROL", "ANIMAL DISEASE CONTROL", "LIVESTOCK DISEASE CONTROL BRANCH", "OTHER CURRENT EXPENSES", null, "0.00", "FEDERAL FUNDS", null, "MOTOR VEHICLE" ]
, [ "row-s9z6.cqx6_dp88", "00000000-0000-0000-31FC-D1763091AB62", 0, 1541631506, null, 1541631506, null, "{ }", "2015", "ANIMAL DISEASE CONTROL", "ANIMAL DISEASE CONTROL", "LIVESTOCK DISEASE CONTROL BRANCH", "OTHER CURRENT EXPENSES", null, "0.00", "FEDERAL FUNDS", null, "MOTOR VEHICLE" ]
, [ "row-w3re.6r3i.k6v5", "00000000-0000-0000-10DD-EB87D726F68F", 0, 1541631506, null, 1541631506, null, "{ }", "2015", "ANIMAL DISEASE CONTROL", "ANIMAL DISEASE CONTROL", "LIVESTOCK DISEASE CONTROL BRANCH", "OTHER CURRENT EXPENSES", null, "0.00", "FEDERAL FUNDS", null, "MOTOR VEHICLE" ]
, [ "row-axc7.ssjt.8nv8", "00000000-0000-0000-90A0-81FFC93AC847", 0, 1541631506, null, 1541631506, null, "{ }", "2015", "AGRICULTURAL RESOURCE MANAGEMENT", "AGRICULTURAL RESOURCE MANAGEMENT", "AGRICULTURAL RESOURCE MANAGEMENT DIVISION", "OTHER CURRENT EXPENSES", null, "0.00", "SPECIAL FUND", null, "VEHICLE" ]
, [ "row-3fi5.emp3~fcuy", "00000000-0000-0000-B123-844E7D9BDB95", 0, 1541631506, null, 1541631506, null, "{ }", "2015", "AGRICULTURAL RESOURCE MANAGEMENT", "AGRICULTURAL RESOURCE MANAGEMENT", "AGRICULTURAL RESOURCE MANAGEMENT DIVISION", "OTHER CURRENT EXPENSES", null, "0.00", "SPECIAL FUND", null, "VEHICLE" ]
, [ "row-ce4g_5wun_hhee", "00000000-0000-0000-A567-32EEB9A45312", 0, 1541631506, null, 1541631506, null, "{ }", "2015", "AGRICULTURAL RESOURCE MANAGEMENT", "AGRICULTURAL RESOURCE MANAGEMENT", "AGRICULTURAL RESOURCE MANAGEMENT DIVISION", "OTHER CURRENT EXPENSES", null, "35000.00", "REVOLVING FUNDS", null, "SUV- 4WD" ]
, [ "row-7y4z~262x~e3b8", "00000000-0000-0000-F630-A23CD522AE63", 0, 1541631506, null, 1541631506, null, "{ }", "2015", "AGRICULTURAL RESOURCE MANAGEMENT", "AGRICULTURAL RESOURCE MANAGEMENT", "AGRICULTURAL RESOURCE MANAGEMENT DIVISION", "OTHER CURRENT EXPENSES", null, "35000.00", "REVOLVING FUNDS", null, "SUV- 4WD" ]
, [ "row-pgju_v36i_jdk3", "00000000-0000-0000-308D-9E115AC0F889", 0, 1541631506, null, 1541631506, null, "{ }", "2015", "MKG INFO & DISTRIB SYSTEMS IMPROVEMT FOR AGR", "MKG INFO & DISTRIB SYSTEMS IMPROVEMT FOR AGR", "COMMODITIES BRANCH", "OTHER CURRENT EXPENSES", null, "0.00", "GENERAL FUND", null, "VEHICLES" ]
, [ "row-f99t.futu-4xzd", "00000000-0000-0000-271E-752965C7477C", 0, 1541631506, null, 1541631506, null, "{ }", "2015", "MKG INFO & DISTRIB SYSTEMS IMPROVEMT FOR AGR", "MKG INFO & DISTRIB SYSTEMS IMPROVEMT FOR AGR", "COMMODITIES BRANCH", "OTHER CURRENT EXPENSES", null, "0.00", "REVOLVING FUNDS", null, "VEHICLE" ]
, [ "row-j6dn_y2ef~eqpe", "00000000-0000-0000-1F61-20710216929B", 0, 1541631506, null, 1541631506, null, "{ }", "2015", "MKG INFO & DISTRIB SYSTEMS IMPROVEMT FOR AGR", "MKG INFO & DISTRIB SYSTEMS IMPROVEMT FOR AGR", "COMMODITIES BRANCH", "OTHER CURRENT EXPENSES", null, "0.00", "REVOLVING FUNDS", null, "VEHICLE" ]
, [ "row-dzzb~crku-sb3p", "00000000-0000-0000-8403-87283B219449", 0, 1541631506, null, 1541631506, null, "{ }", "2015", "MKG INFO & DISTRIB SYSTEMS IMPROVEMT FOR AGR", "MKG INFO & DISTRIB SYSTEMS IMPROVEMT FOR AGR", "COMMODITIES BRANCH - MILK CONTROL", "OTHER CURRENT EXPENSES", null, "0.00", "SPECIAL FUND", null, "VEHICLE" ]
, [ "row-dg8m-8stn.bf5y", "00000000-0000-0000-503B-507DA372B589", 0, 1541631506, null, 1541631506, null, "{ }", "2015", "AQUACULTURE DEVELOPMENT", "AQUACULTURE DEVELOPMENT", "AQUACULTURE DEVELOPMENT PROGRAM", "OTHER CURRENT EXPENSES", null, "0.00", "GENERAL FUND", null, "VEHICLE" ]
, [ "row-57fw~cekj~ztm5", "00000000-0000-0000-6EA7-2B72AA5CC356", 0, 1541631506, null, 1541631506, null, "{ }", "2015", "AGRIBUSINESS DEVELOPMENT & RESEARCH", "AGRIBUSINESS DEVELOPMENT & RESEARCH", "AGRIBUSINESS DEVELOPMENT CORP.", "OTHER CURRENT EXPENSES", null, "0.00", "REVOLVING FUNDS", null, "VEHICLE" ]
, [ "row-pc4n-he6p.p8cc", "00000000-0000-0000-B1A9-7598A5B1CCBD", 0, 1541631506, null, 1541631506, null, "{ }", "2015", "AGRIBUSINESS DEVELOPMENT & RESEARCH", "AGRIBUSINESS DEVELOPMENT & RESEARCH", "WAIAHOLE WATER SYSTEM", "OTHER CURRENT EXPENSES", null, "0.00", "REVOLVING FUNDS", null, "PICK-UP, 4X4" ]
, [ "row-cmrm_svqg-a5d7", "00000000-0000-0000-D0A0-DA37988CE591", 0, 1541631506, null, 1541631506, null, "{ }", "2015", "AGRICULTURAL DEVELOPMENT & MARKETING", "AGRICULTURAL DEVELOPMENT & MARKETING", "HAWAII AGRICULTURAL STATISTICAL SERVICES BR.", "OTHER CURRENT EXPENSES", null, "0.00", "GENERAL FUND", null, "VEHICLE" ]
, [ "row-8yjj-9iyq-stbr", "00000000-0000-0000-DBBD-D117FF883782", 0, 1541631506, null, 1541631506, null, "{ }", "2015", "AGRICULTURAL DEVELOPMENT & MARKETING", "AGRICULTURAL DEVELOPMENT & MARKETING", "MARKET DEVELOPMENT BRANCH", "OTHER CURRENT EXPENSES", null, "0.00", "GENERAL FUND", null, "VEHICLE" ]
, [ "row-2bg2-ncje.mqdy", "00000000-0000-0000-6925-EBAB2413EE16", 0, 1541631506, null, 1541631506, null, "{ }", "2015", "GENERAL ADMINISTRATION FOR AGR", "GENERAL ADMINISTRATION FOR AGR", "DEPARTMENTAL ADMINISTRATION", "OTHER CURRENT EXPENSES", null, "0.00", "GENERAL FUND", null, "VEHICLE" ]
, [ "row-5cz9.zvif.nkq6", "00000000-0000-0000-1F8A-772D245544A0", 0, 1541631506, null, 1541631506, null, "{ }", "2015", "MEASUREMENT STANDARDS", "MEASUREMENT STANDARDS", "MEASUREMENT STANDARDS BRANCH", "OTHER CURRENT EXPENSES", null, "0.00", "GENERAL FUND", null, "VEHICLE" ]
, [ "row-m68a~vgsc_bny9", "00000000-0000-0000-2A00-C4E2020F1692", 0, 1541631506, null, 1541631506, null, "{ }", "2015", "MEASUREMENT STANDARDS", "MEASUREMENT STANDARDS", "MEASUREMENT STANDARDS BRANCH", "OTHER CURRENT EXPENSES", null, "25000.00", "SPECIAL FUND", null, "VAN" ]
, [ "row-wwgd~tcgk-pvk7", "00000000-0000-0000-FD3C-3D49BCCAC3FE", 0, 1541631506, null, 1541631506, null, "{ }", "2015", "MEASUREMENT STANDARDS", "MEASUREMENT STANDARDS", "MEASUREMENT STANDARDS BRANCH", "OTHER CURRENT EXPENSES", null, "25000.00", "SPECIAL FUND", null, "VAN" ]
, [ "row-hkqu-qmhb.h5g7", "00000000-0000-0000-DC3E-FD3BCE37A9BF", 0, 1541631506, null, 1541631506, null, "{ }", "2015", "MEASUREMENT STANDARDS", "MEASUREMENT STANDARDS", "MEASUREMENT STANDARDS BRANCH", "OTHER CURRENT EXPENSES", null, "30000.00", "SPECIAL FUND", null, "PICK-UP TRUCK" ]
, [ "row-rwj3_ftt6~quwa", "00000000-0000-0000-3CFE-D1B07A9C0372", 0, 1541631506, null, 1541631506, null, "{ }", "2015", "PESTICIDES", "PESTICIDES", "PESTICIDE BRANCH", "OTHER CURRENT EXPENSES", null, "0.00", "FEDERAL FUNDS", null, "SEDAN, COMPACT" ]
, [ "row-x6jc-4dv2_fkpu", "00000000-0000-0000-C12E-0AAAD07FD25E", 0, 1541631506, null, 1541631506, null, "{ }", "2015", "PESTICIDES", "PESTICIDES", "PESTICIDE BRANCH", "OTHER CURRENT EXPENSES", null, "0.00", "FEDERAL FUNDS", null, "SPORTS UTILITY, COMPACT" ]
, [ "row-quuy-dz5m~ktrr", "00000000-0000-0000-26EF-154C3C7B036C", 0, 1541631506, null, 1541631506, null, "{ }", "2015", "PESTICIDES", "PESTICIDES", "PESTICIDE BRANCH", "OTHER CURRENT EXPENSES", null, "0.00", "REVOLVING FUNDS", null, "VEHICLE" ]
 ]
}